Timestamp,UTC,Callsign,Position,Altitude,Speed,Direction
1684078636,2023-05-14T15:37:16Z,ETD421,"14.517594,121.014305",0,0,45
1684078824,2023-05-14T15:40:24Z,ETD421,"14.517373,121.014076",0,3,42
1684078841,2023-05-14T15:40:41Z,ETD421,"14.517162,121.013931",0,3,64
1684078858,2023-05-14T15:40:58Z,ETD421,"14.517025,121.013718",0,3,92
1684078871,2023-05-14T15:41:11Z,ETD421,"14.517014,121.013496",0,4,109
1684078884,2023-05-14T15:41:24Z,ETD421,"14.517013,121.013283",0,2,135
1684078909,2023-05-14T15:41:49Z,ETD421,"14.517231,121.013115",0,3,143
1684078925,2023-05-14T15:42:05Z,ETD421,"14.517432,121.012985",0,3,129
1684078947,2023-05-14T15:42:27Z,ETD421,"14.51762,121.012749",0,3,135
1684079150,2023-05-14T15:45:50Z,ETD421,"14.517426,121.012962",0,5,135
1684079162,2023-05-14T15:46:02Z,ETD421,"14.517211,121.013176",0,6,135
1684079172,2023-05-14T15:46:12Z,ETD421,"14.51699,121.01339",0,7,135
1684079180,2023-05-14T15:46:20Z,ETD421,"14.516796,121.013596",0,7,135
1684079188,2023-05-14T15:46:28Z,ETD421,"14.516579,121.013824",0,8,135
1684079199,2023-05-14T15:46:39Z,ETD421,"14.51627,121.01413",0,9,135
1684079205,2023-05-14T15:46:45Z,ETD421,"14.516082,121.014336",0,10,135
1684079212,2023-05-14T15:46:52Z,ETD421,"14.515883,121.014549",0,10,135
1684079218,2023-05-14T15:46:58Z,ETD421,"14.515639,121.014793",0,11,135
1684079224,2023-05-14T15:47:04Z,ETD421,"14.515434,121.015007",0,0,135
1684079230,2023-05-14T15:47:10Z,ETD421,"14.515217,121.015236",0,12,135
1684079236,2023-05-14T15:47:16Z,ETD421,"14.514988,121.01548",0,12,135
1684079242,2023-05-14T15:47:22Z,ETD421,"14.514744,121.015732",0,12,135
1684079248,2023-05-14T15:47:28Z,ETD421,"14.514473,121.015999",0,13,135
1684079254,2023-05-14T15:47:34Z,ETD421,"14.514219,121.016258",0,13,135
1684079260,2023-05-14T15:47:40Z,ETD421,"14.513969,121.016525",0,13,135
1684079267,2023-05-14T15:47:47Z,ETD421,"14.513706,121.016792",0,13,135
1684079274,2023-05-14T15:47:54Z,ETD421,"14.513409,121.017113",0,0,135
1684079280,2023-05-14T15:48:00Z,ETD421,"14.513191,121.017326",0,11,135
1684079285,2023-05-14T15:48:05Z,ETD421,"14.512985,121.01754",0,11,135
1684079292,2023-05-14T15:48:12Z,ETD421,"14.512753,121.017776",0,11,135
1684079298,2023-05-14T15:48:18Z,ETD421,"14.512532,121.018021",0,12,135
1684079304,2023-05-14T15:48:24Z,ETD421,"14.5123,121.018257",0,12,135
1684079309,2023-05-14T15:48:29Z,ETD421,"14.51207,121.018486",0,12,135
1684079316,2023-05-14T15:48:36Z,ETD421,"14.511795,121.018784",0,12,135
1684079323,2023-05-14T15:48:43Z,ETD421,"14.511497,121.019089",0,13,135
1684079329,2023-05-14T15:48:49Z,ETD421,"14.511234,121.019356",0,13,135
1684079335,2023-05-14T15:48:55Z,ETD421,"14.511005,121.0196",0,11,135
1684079342,2023-05-14T15:49:02Z,ETD421,"14.510788,121.019814",0,8,135
1684079351,2023-05-14T15:49:11Z,ETD421,"14.510605,121.020042",0,7,129
1684079358,2023-05-14T15:49:18Z,ETD421,"14.510635,121.020287",0,7,92
1684079366,2023-05-14T15:49:26Z,ETD421,"14.51074,121.0205",0,6,73
1684079374,2023-05-14T15:49:34Z,ETD421,"14.510857,121.020706",0,6,64
1684079381,2023-05-14T15:49:41Z,ETD421,"14.510983,121.02095",0,9,61
1684079392,2023-05-14T15:49:52Z,ETD421,"14.511234,121.021416",0,11,61
1684079400,2023-05-14T15:50:00Z,ETD421,"14.511438,121.021774",0,0,59
1684079405,2023-05-14T15:50:05Z,ETD421,"14.511566,121.022003",0,0,59
1684079418,2023-05-14T15:50:18Z,ETD421,"14.511829,121.022469",0,0,59
1684079426,2023-05-14T15:50:26Z,ETD421,"14.511985,121.022751",0,8,59
1684079436,2023-05-14T15:50:36Z,ETD421,"14.512159,121.023079",0,7,59
1684079443,2023-05-14T15:50:43Z,ETD421,"14.512287,121.023308",0,9,61
1684079450,2023-05-14T15:50:50Z,ETD421,"14.512439,121.023582",0,9,61
1684079458,2023-05-14T15:50:58Z,ETD421,"14.512608,121.023872",0,9,59
1684079464,2023-05-14T15:51:04Z,ETD421,"14.512718,121.024078",0,8,59
1684079477,2023-05-14T15:51:17Z,ETD421,"14.512951,121.024498",0,7,61
1684079487,2023-05-14T15:51:27Z,ETD421,"14.5131,121.024773",0,7,59
1684079496,2023-05-14T15:51:36Z,ETD421,"14.513237,121.025009",0,6,59
1684079504,2023-05-14T15:51:44Z,ETD421,"14.513351,121.025215",0,6,59
1684079513,2023-05-14T15:51:53Z,ETD421,"14.513477,121.025452",0,6,59
1684079524,2023-05-14T15:52:04Z,ETD421,"14.513649,121.025742",0,6,59
1684079541,2023-05-14T15:52:21Z,ETD421,"14.51387,121.026161",0,0,61
1684079554,2023-05-14T15:52:34Z,ETD421,"14.514045,121.026451",0,0,59
1684079561,2023-05-14T15:52:41Z,ETD421,"14.51415,121.026657",0,6,59
1684079595,2023-05-14T15:53:15Z,ETD421,"14.514484,121.02726",0,0,61
1684079613,2023-05-14T15:53:33Z,ETD421,"14.514592,121.027466",0,3,59
1684079631,2023-05-14T15:53:51Z,ETD421,"14.514748,121.027733",0,0,59
1684079793,2023-05-14T15:56:33Z,ETD421,"14.514874,121.027946",0,4,59
1684079800,2023-05-14T15:56:40Z,ETD421,"14.514954,121.02816",0,8,67
1684079806,2023-05-14T15:56:46Z,ETD421,"14.514908,121.028397",0,9,95
1684079817,2023-05-14T15:56:57Z,ETD421,"14.514553,121.028656",0,9,143
1684079822,2023-05-14T15:57:02Z,ETD421,"14.514347,121.028755",0,10,154
1684079827,2023-05-14T15:57:07Z,ETD421,"14.51413,121.028809",0,10,160
1684079832,2023-05-14T15:57:12Z,ETD421,"14.513917,121.028847",0,10,168
1684079837,2023-05-14T15:57:17Z,ETD421,"14.513683,121.028801",0,0,188
1684079844,2023-05-14T15:57:24Z,ETD421,"14.513603,121.028595",0,7,227
1684079856,2023-05-14T15:57:36Z,ETD421,"14.513521,121.028389",0,1,239
1684079871,2023-05-14T15:57:51Z,ETD421,"14.513393,121.028175",0,8,239
1684079877,2023-05-14T15:57:57Z,ETD421,"14.513077,121.027596",0,28,241
1684079884,2023-05-14T15:58:04Z,ETD421,"14.512241,121.0261",0,0,239
1684079890,2023-05-14T15:58:10Z,ETD421,"14.511077,121.024002",0,0,239
1684079898,2023-05-14T15:58:18Z,ETD421,"14.509369,121.020943",175,115,239
1684079905,2023-05-14T15:58:25Z,ETD421,"14.506943,121.016586",150,144,240
1684079911,2023-05-14T15:58:31Z,ETD421,"14.5047,121.012466",150,164,240
1684079918,2023-05-14T15:58:38Z,ETD421,"14.501907,121.007538",175,181,240
1684079926,2023-05-14T15:58:46Z,ETD421,"14.498415,121.001198",375,185,240
1684079933,2023-05-14T15:58:53Z,ETD421,"14.495911,120.996643",550,189,240
1684079939,2023-05-14T15:58:59Z,ETD421,"14.493393,120.992004",750,192,240
1684079944,2023-05-14T15:59:04Z,ETD421,"14.490967,120.987694",950,193,240
1684079951,2023-05-14T15:59:11Z,ETD421,"14.487808,120.982254",1275,192,239
1684079957,2023-05-14T15:59:17Z,ETD421,"14.484695,120.977043",1575,190,238
1684079964,2023-05-14T15:59:24Z,ETD421,"14.481262,120.971359",1900,189,238
1684079970,2023-05-14T15:59:30Z,ETD421,"14.478258,120.966461",2150,188,237
1684079976,2023-05-14T15:59:36Z,ETD421,"14.475558,120.962029",2300,188,237
1684079982,2023-05-14T15:59:42Z,ETD421,"14.472718,120.957397",2475,189,237
1684079992,2023-05-14T15:59:52Z,ETD421,"14.468529,120.950562",2700,190,238
1684079998,2023-05-14T15:59:58Z,ETD421,"14.465744,120.94593",2850,192,237
1684080005,2023-05-14T16:00:05Z,ETD421,"14.462523,120.940636",3025,193,237
1684080011,2023-05-14T16:00:11Z,ETD421,"14.459591,120.93586",3175,195,237
1684080017,2023-05-14T16:00:17Z,ETD421,"14.456451,120.930725",3350,195,237
1684080024,2023-05-14T16:00:24Z,ETD421,"14.453399,120.925407",3475,199,240
1684080030,2023-05-14T16:00:30Z,ETD421,"14.450978,120.920059",3550,204,245
1684080033,2023-05-14T16:00:33Z,ETD421,"14.449951,120.917328",3600,208,249
1684080036,2023-05-14T16:00:36Z,ETD421,"14.449023,120.914276",3600,211,252
1684080039,2023-05-14T16:00:39Z,ETD421,"14.448257,120.911217",3625,215,256
1684080042,2023-05-14T16:00:42Z,ETD421,"14.447766,120.908058",3650,219,260
1684080045,2023-05-14T16:00:45Z,ETD421,"14.447525,120.905014",3675,222,264
1684080049,2023-05-14T16:00:49Z,ETD421,"14.447487,120.899628",3750,229,270
1684080053,2023-05-14T16:00:53Z,ETD421,"14.44758,120.89563",3800,232,271
1684080056,2023-05-14T16:00:56Z,ETD421,"14.447673,120.89225",3825,235,271
1684080059,2023-05-14T16:00:59Z,ETD421,"14.447708,120.888771",3850,239,270
1684080062,2023-05-14T16:01:02Z,ETD421,"14.447766,120.885216",3875,244,270
1684080065,2023-05-14T16:01:05Z,ETD421,"14.447766,120.881607",3925,247,270
1684080068,2023-05-14T16:01:08Z,ETD421,"14.4478,120.87793",3950,249,270
1684080071,2023-05-14T16:01:11Z,ETD421,"14.447845,120.874329",4000,252,270
1684080074,2023-05-14T16:01:14Z,ETD421,"14.447891,120.870872",4050,256,270
1684080080,2023-05-14T16:01:20Z,ETD421,"14.448092,120.863388",4150,261,271
1684080086,2023-05-14T16:01:26Z,ETD421,"14.448278,120.855728",4325,264,271
1684080092,2023-05-14T16:01:32Z,ETD421,"14.448532,120.848091",4525,265,271
1684080098,2023-05-14T16:01:38Z,ETD421,"14.448791,120.840065",4750,266,271
1684080104,2023-05-14T16:01:44Z,ETD421,"14.44899,120.832611",4975,266,271
1684080111,2023-05-14T16:01:51Z,ETD421,"14.449209,120.824791",5175,267,271
1684080123,2023-05-14T16:02:03Z,ETD421,"14.449722,120.808884",5625,268,271
1684080136,2023-05-14T16:02:16Z,ETD421,"14.450089,120.79245",6075,270,271
1684080146,2023-05-14T16:02:26Z,ETD421,"14.450466,120.778244",6450,272,271
1684080159,2023-05-14T16:02:39Z,ETD421,"14.450867,120.762573",6875,274,271
1684080171,2023-05-14T16:02:51Z,ETD421,"14.451258,120.746925",7250,276,271
1684080183,2023-05-14T16:03:03Z,ETD421,"14.451631,120.730835",7625,277,271
1684080197,2023-05-14T16:03:17Z,ETD421,"14.451736,120.713326",8050,279,268
1684080203,2023-05-14T16:03:23Z,ETD421,"14.450792,120.705582",8225,281,261
1684080205,2023-05-14T16:03:25Z,ETD421,"14.450001,120.70163",8300,281,258
1684080209,2023-05-14T16:03:29Z,ETD421,"14.448944,120.697128",8425,281,256
1684080212,2023-05-14T16:03:32Z,ETD421,"14.447845,120.693054",8475,283,254
1684080215,2023-05-14T16:03:35Z,ETD421,"14.446747,120.689171",8550,284,254
1684080218,2023-05-14T16:03:38Z,ETD421,"14.445485,120.684814",8600,284,253
1684080221,2023-05-14T16:03:41Z,ETD421,"14.444275,120.68074",8675,284,252
1684080224,2023-05-14T16:03:44Z,ETD421,"14.443344,120.677681",8700,284,252
1684080228,2023-05-14T16:03:48Z,ETD421,"14.441714,120.672333",8775,284,252
1684080240,2023-05-14T16:04:00Z,ETD421,"14.43678,120.656143",8950,284,252
1684080253,2023-05-14T16:04:13Z,ETD421,"14.431686,120.639542",9075,283,252
1684080265,2023-05-14T16:04:25Z,ETD421,"14.426865,120.623665",9075,282,252
1684080277,2023-05-14T16:04:37Z,ETD421,"14.422165,120.608292",9075,284,252
1684080289,2023-05-14T16:04:49Z,ETD421,"14.41713,120.591759",9075,293,252
1684080301,2023-05-14T16:05:01Z,ETD421,"14.412247,120.575623",9075,297,252
1684080313,2023-05-14T16:05:13Z,ETD421,"14.407196,120.558945",9075,296,252
1684080325,2023-05-14T16:05:25Z,ETD421,"14.402298,120.542747",9075,296,252
1684080338,2023-05-14T16:05:38Z,ETD421,"14.397304,120.526093",9200,296,252
1684080350,2023-05-14T16:05:50Z,ETD421,"14.392369,120.509758",9500,300,252
1684080362,2023-05-14T16:06:02Z,ETD421,"14.387202,120.492798",9850,303,252
1684080374,2023-05-14T16:06:14Z,ETD421,"14.382034,120.476028",10225,305,252
1684080386,2023-05-14T16:06:26Z,ETD421,"14.376961,120.458824",10525,311,253
1684080399,2023-05-14T16:06:39Z,ETD421,"14.371994,120.441414",10675,322,253
1684080410,2023-05-14T16:06:50Z,ETD421,"14.366776,120.423271",10825,334,253
1684080423,2023-05-14T16:07:03Z,ETD421,"14.361237,120.404282",11025,344,253
1684080435,2023-05-14T16:07:15Z,ETD421,"14.355593,120.385193",11250,353,253
1684080447,2023-05-14T16:07:27Z,ETD421,"14.349564,120.364601",11600,357,253
1684080459,2023-05-14T16:07:39Z,ETD421,"14.345025,120.344627",12025,361,259
1684080490,2023-05-14T16:08:10Z,ETD421,"14.338415,120.292007",13200,369,263
1684080523,2023-05-14T16:08:43Z,ETD421,"14.332271,120.232834",14425,376,266
1684080555,2023-05-14T16:09:15Z,ETD421,"14.33345,120.174141",15625,382,274
1684080589,2023-05-14T16:09:49Z,ETD421,"14.339625,120.112083",16725,391,275
1684080620,2023-05-14T16:10:20Z,ETD421,"14.345398,120.054688",17800,396,275
1684080653,2023-05-14T16:10:53Z,ETD421,"14.351915,119.990654",18700,409,276
1684080714,2023-05-14T16:11:54Z,ETD421,"14.364395,119.872017",20725,416,275
1684080775,2023-05-14T16:12:55Z,ETD421,"14.377487,119.749413",22350,431,277
1684080836,2023-05-14T16:13:56Z,ETD421,"14.39749,119.622849",23275,459,279
1684080897,2023-05-14T16:14:57Z,ETD421,"14.418997,119.487976",24600,475,279
1684080958,2023-05-14T16:15:58Z,ETD421,"14.440384,119.350594",26150,482,278
1684081019,2023-05-14T16:16:59Z,ETD421,"14.459335,119.209473",27500,491,277
1684081081,2023-05-14T16:18:01Z,ETD421,"14.475128,119.064331",28425,502,275
1684081144,2023-05-14T16:19:04Z,ETD421,"14.485382,118.915497",30025,497,273
1684081206,2023-05-14T16:20:06Z,ETD421,"14.493248,118.768715",29975,498,271
1684081268,2023-05-14T16:21:08Z,ETD421,"14.490463,118.619621",29975,498,268
1684081328,2023-05-14T16:22:08Z,ETD421,"14.486498,118.48085",30000,497,268
1684081342,2023-05-14T16:22:22Z,ETD421,"14.485474,118.444183",29975,496,268
1684081435,2023-05-14T16:23:55Z,ETD421,"14.468582,118.227142",30000,496,263
1684081479,2023-05-14T16:24:39Z,ETD421,"14.456471,118.123985",30000,496,262
1684081520,2023-05-14T16:25:20Z,ETD421,"14.444368,118.027763",30000,495,262
1684081586,2023-05-14T16:26:26Z,ETD421,"14.42514,117.873878",30000,496,262
1684081727,2023-05-14T16:28:47Z,ETD421,"14.383012,117.537041",30000,510,262
1684081733,2023-05-14T16:28:53Z,ETD421,"14.381149,117.522453",30000,510,262
1684083689,2023-05-14T17:01:29Z,ETD421,"13.980335,112.809975",30000,508,270
1684083753,2023-05-14T17:02:33Z,ETD421,"13.980469,112.656273",30000,506,270
1684083815,2023-05-14T17:03:35Z,ETD421,"13.980521,112.507805",30000,506,270
1684083881,2023-05-14T17:04:41Z,ETD421,"13.980469,112.348846",30000,505,270
1684083945,2023-05-14T17:05:45Z,ETD421,"13.980289,112.194649",30000,507,269
1684084010,2023-05-14T17:06:50Z,ETD421,"13.980011,112.038429",30000,508,269
1684084072,2023-05-14T17:07:52Z,ETD421,"13.979645,111.887131",30000,508,269
1684084135,2023-05-14T17:08:55Z,ETD421,"13.979264,111.736115",30000,507,269
1684084198,2023-05-14T17:09:58Z,ETD421,"13.978613,111.584763",30000,506,269
1684084260,2023-05-14T17:11:00Z,ETD421,"13.978043,111.435555",30000,507,269
1684084329,2023-05-14T17:12:09Z,ETD421,"13.977127,111.268539",30000,506,269
1684084394,2023-05-14T17:13:14Z,ETD421,"13.97612,111.113068",30000,506,269
1684084455,2023-05-14T17:14:15Z,ETD421,"13.97525,110.964615",30000,505,269
1684084518,2023-05-14T17:15:18Z,ETD421,"13.974144,110.813354",30000,506,269
1684084581,2023-05-14T17:16:21Z,ETD421,"13.973026,110.663406",30000,507,269
1684084643,2023-05-14T17:17:23Z,ETD421,"13.971725,110.513748",30000,507,269
1684084705,2023-05-14T17:18:25Z,ETD421,"13.970306,110.363777",30000,506,269
1684084768,2023-05-14T17:19:28Z,ETD421,"13.968884,110.212868",30000,506,269
1684084829,2023-05-14T17:20:29Z,ETD421,"13.967394,110.066048",30000,505,269
1684084889,2023-05-14T17:21:29Z,ETD421,"13.966003,109.920723",30000,505,269
1684084950,2023-05-14T17:22:30Z,ETD421,"13.964859,109.778091",30000,506,269
1684085014,2023-05-14T17:23:34Z,ETD421,"13.963486,109.621346",30000,506,269
1684085075,2023-05-14T17:24:35Z,ETD421,"13.962087,109.475388",30000,505,269
1684085135,2023-05-14T17:25:35Z,ETD421,"13.960458,109.330154",31350,506,269
1684085199,2023-05-14T17:26:39Z,ETD421,"13.958781,109.176537",32000,506,269
1684085260,2023-05-14T17:27:40Z,ETD421,"13.958503,109.030251",32000,508,271
1684085323,2023-05-14T17:28:43Z,ETD421,"13.965392,108.87822",32000,510,272
1684085359,2023-05-14T17:29:19Z,ETD421,"13.974842,108.791298",32000,512,282
1684085362,2023-05-14T17:29:22Z,ETD421,"13.976564,108.78421",32000,511,283
1684085365,2023-05-14T17:29:25Z,ETD421,"13.978519,108.776695",32000,512,284
1684085368,2023-05-14T17:29:28Z,ETD421,"13.980801,108.768265",32000,510,285
1684085371,2023-05-14T17:29:31Z,ETD421,"13.982529,108.762329",32000,512,285
1684085434,2023-05-14T17:30:34Z,ETD421,"14.02591,108.617348",32000,510,287
1684085495,2023-05-14T17:31:35Z,ETD421,"14.068459,108.475052",32000,508,286
1684085557,2023-05-14T17:32:37Z,ETD421,"14.110961,108.330399",32000,507,286
1684085618,2023-05-14T17:33:38Z,ETD421,"14.157141,108.190659",32000,509,290
1684085681,2023-05-14T17:34:41Z,ETD421,"14.217892,108.052849",32000,509,294
1684085703,2023-05-14T17:35:03Z,ETD421,"14.235581,108.002686",32000,507,285
1684085706,2023-05-14T17:35:06Z,ETD421,"14.237228,107.995514",32000,507,283
1684085708,2023-05-14T17:35:08Z,ETD421,"14.238419,107.98983",32000,507,282
1684085712,2023-05-14T17:35:12Z,ETD421,"14.239957,107.981148",32000,507,280
1684085715,2023-05-14T17:35:15Z,ETD421,"14.241075,107.973778",32000,508,279
1684085717,2023-05-14T17:35:17Z,ETD421,"14.241866,107.96804",32000,507,278
1684085721,2023-05-14T17:35:21Z,ETD421,"14.242722,107.959755",32000,506,276
1684085724,2023-05-14T17:35:24Z,ETD421,"14.243225,107.952515",32000,506,274
1684085727,2023-05-14T17:35:27Z,ETD421,"14.243546,107.945549",32000,506,272
1684085730,2023-05-14T17:35:30Z,ETD421,"14.243729,107.938072",32000,506,271
1684085733,2023-05-14T17:35:33Z,ETD421,"14.243728,107.930748",32000,506,270
1684085736,2023-05-14T17:35:36Z,ETD421,"14.243588,107.922554",32000,506,269
1684085738,2023-05-14T17:35:38Z,ETD421,"14.243495,107.91774",32000,505,268
1684085742,2023-05-14T17:35:42Z,ETD421,"14.243134,107.908234",32000,506,267
1684085745,2023-05-14T17:35:45Z,ETD421,"14.242813,107.900993",32000,505,267
1684085806,2023-05-14T17:36:46Z,ETD421,"14.226151,107.75618",32000,504,260
1684085870,2023-05-14T17:37:50Z,ETD421,"14.202436,107.604675",32000,500,259
1684085931,2023-05-14T17:38:51Z,ETD421,"14.158173,107.467598",32000,499,248
1684085993,2023-05-14T17:39:53Z,ETD421,"14.113083,107.32653",32000,504,258
1684086056,2023-05-14T17:40:56Z,ETD421,"14.083603,107.179779",31975,506,257
1684086117,2023-05-14T17:41:57Z,ETD421,"14.056169,107.036087",32000,506,260
1684086180,2023-05-14T17:43:00Z,ETD421,"14.03131,106.886131",32000,506,259
1684086242,2023-05-14T17:44:02Z,ETD421,"14.005325,106.73909",32000,505,259
1684086303,2023-05-14T17:45:03Z,ETD421,"13.979645,106.595467",32000,503,259
1684086364,2023-05-14T17:46:04Z,ETD421,"13.95408,106.452652",32000,504,259
1684086425,2023-05-14T17:47:05Z,ETD421,"13.928375,106.309204",32000,506,259
1684086488,2023-05-14T17:48:08Z,ETD421,"13.901429,106.158531",32000,507,259
1684086551,2023-05-14T17:49:11Z,ETD421,"13.874755,106.009727",32000,510,259
1684086615,2023-05-14T17:50:15Z,ETD421,"13.84701,105.856354",32000,508,259
1684086676,2023-05-14T17:51:16Z,ETD421,"13.820521,105.710205",32000,508,259
1684086738,2023-05-14T17:52:18Z,ETD421,"13.794127,105.56459",32000,510,259
1684086799,2023-05-14T17:53:19Z,ETD421,"13.767498,105.417961",32000,509,259
1684086860,2023-05-14T17:54:20Z,ETD421,"13.741013,105.273125",32000,508,259
1684086922,2023-05-14T17:55:22Z,ETD421,"13.71405,105.126282",32000,510,259
1684086983,2023-05-14T17:56:23Z,ETD421,"13.687382,104.981544",31975,508,259
1684087043,2023-05-14T17:57:23Z,ETD421,"13.679748,104.836891",32000,508,271
1684087106,2023-05-14T17:58:26Z,ETD421,"13.683838,104.684692",32000,508,271
1684087167,2023-05-14T17:59:27Z,ETD421,"13.687912,104.538277",32000,505,271
1684087228,2023-05-14T18:00:28Z,ETD421,"13.691665,104.391754",32000,506,271
1684087289,2023-05-14T18:01:29Z,ETD421,"13.695328,104.246521",32000,508,271
1684087352,2023-05-14T18:02:32Z,ETD421,"13.699127,104.092995",32000,508,271
1684087413,2023-05-14T18:03:33Z,ETD421,"13.702698,103.946564",32000,508,271
1684087475,2023-05-14T18:04:35Z,ETD421,"13.706268,103.796509",32000,506,271
1684087536,2023-05-14T18:05:36Z,ETD421,"13.709634,103.650368",32000,508,271
1684087597,2023-05-14T18:06:37Z,ETD421,"13.712893,103.503304",32000,508,271
1684087658,2023-05-14T18:07:38Z,ETD421,"13.716064,103.356628",32000,505,271
1684087718,2023-05-14T18:08:38Z,ETD421,"13.719223,103.213051",32000,505,271
1684087782,2023-05-14T18:09:42Z,ETD421,"13.722336,103.058952",32000,506,271
1684087844,2023-05-14T18:10:44Z,ETD421,"13.725357,102.9114",32000,507,271
1684087905,2023-05-14T18:11:45Z,ETD421,"13.728209,102.764427",32000,502,271
1684087966,2023-05-14T18:12:46Z,ETD421,"13.730955,102.619728",32000,504,271
1684088026,2023-05-14T18:13:46Z,ETD421,"13.733469,102.475121",32000,500,271
1684088087,2023-05-14T18:14:47Z,ETD421,"13.735983,102.330421",32000,500,271
1684088151,2023-05-14T18:15:51Z,ETD421,"13.738543,102.179596",32000,495,270
1684088212,2023-05-14T18:16:52Z,ETD421,"13.740824,102.037834",32000,496,270
1684088275,2023-05-14T18:17:55Z,ETD421,"13.743198,101.888649",32000,496,270
1684088336,2023-05-14T18:18:56Z,ETD421,"13.745339,101.745399",32000,493,270
1684088397,2023-05-14T18:19:57Z,ETD421,"13.747421,101.603027",32000,493,270
1684088457,2023-05-14T18:20:57Z,ETD421,"13.74939,101.460968",32000,490,270
1684088519,2023-05-14T18:21:59Z,ETD421,"13.751358,101.317009",32000,487,270
1684088581,2023-05-14T18:23:01Z,ETD421,"13.753098,101.175797",32000,487,270
1684088642,2023-05-14T18:24:02Z,ETD421,"13.754837,101.034958",32000,486,270
1684088703,2023-05-14T18:25:03Z,ETD421,"13.756439,100.891998",32000,488,270
1684088766,2023-05-14T18:26:06Z,ETD421,"13.759186,100.747047",32000,490,273
1684088827,2023-05-14T18:27:07Z,ETD421,"13.779276,100.605133",32000,490,279
1684088891,2023-05-14T18:28:11Z,ETD421,"13.803948,100.46019",32000,489,279
1684088954,2023-05-14T18:29:14Z,ETD421,"13.828308,100.315926",32000,490,279
1684089015,2023-05-14T18:30:15Z,ETD421,"13.852223,100.17411",32000,490,279
1684089078,2023-05-14T18:31:18Z,ETD421,"13.876431,100.030373",32000,491,279
1684089142,2023-05-14T18:32:22Z,ETD421,"13.900955,99.883904",32000,492,279
1684089203,2023-05-14T18:33:23Z,ETD421,"13.924759,99.74118",32000,492,279
1684089265,2023-05-14T18:34:25Z,ETD421,"13.948354,99.599449",32000,490,279
1684089327,2023-05-14T18:35:27Z,ETD421,"13.972,99.456627",32000,487,279
1684089389,2023-05-14T18:36:29Z,ETD421,"13.995325,99.315491",32000,488,279
1684089450,2023-05-14T18:37:30Z,ETD421,"14.018369,99.175079",32000,489,279
1684089514,2023-05-14T18:38:34Z,ETD421,"14.042175,99.029106",32000,482,279
1684089575,2023-05-14T18:39:35Z,ETD421,"14.0571,98.889381",32000,485,273
1684089638,2023-05-14T18:40:38Z,ETD421,"14.066299,98.745354",32000,482,273
1684089707,2023-05-14T18:41:47Z,ETD421,"14.076512,98.587982",32000,488,273
1684089768,2023-05-14T18:42:48Z,ETD421,"14.085571,98.44593",32000,485,273
1684089830,2023-05-14T18:43:50Z,ETD421,"14.094667,98.302193",32000,485,273
1684089891,2023-05-14T18:44:51Z,ETD421,"14.111847,98.162178",32000,484,282
1684089953,2023-05-14T18:45:53Z,ETD421,"14.146042,98.025467",32000,483,284
1684090015,2023-05-14T18:46:55Z,ETD421,"14.180878,97.88681",32525,483,284
1684090092,2023-05-14T18:48:12Z,ETD421,"14.223431,97.716164",34250,483,284
1684090152,2023-05-14T18:49:12Z,ETD421,"14.256454,97.583405",35525,482,284
1684090213,2023-05-14T18:50:13Z,ETD421,"14.289628,97.449455",36000,484,284
1684090287,2023-05-14T18:51:27Z,ETD421,"14.33107,97.282135",36000,480,284
1684090352,2023-05-14T18:52:32Z,ETD421,"14.367004,97.136566",36000,479,284
1684090414,2023-05-14T18:53:34Z,ETD421,"14.400003,97.002678",36000,479,284
1684090602,2023-05-14T18:56:42Z,ETD421,"14.502465,96.584038",36000,478,284
1684090668,2023-05-14T18:57:48Z,ETD421,"14.537613,96.439552",36000,476,284
1684090707,2023-05-14T18:58:27Z,ETD421,"14.558933,96.351883",35975,475,284
1684090870,2023-05-14T19:01:10Z,ETD421,"14.668564,96.000656",36000,478,291
1684090887,2023-05-14T19:01:27Z,ETD421,"14.682312,95.963821",36000,478,290
1684091022,2023-05-14T19:03:42Z,ETD421,"14.777115,95.670792",36000,481,287
1684091687,2023-05-14T19:14:47Z,ETD421,"15.256612,94.240334",36000,476,289
1684091764,2023-05-14T19:16:04Z,ETD421,"15.314438,94.076073",36000,478,291
1684091789,2023-05-14T19:16:29Z,ETD421,"15.335518,94.022415",35975,479,292
1684091863,2023-05-14T19:17:43Z,ETD421,"15.40274,93.865456",36000,486,294
1684091956,2023-05-14T19:19:16Z,ETD421,"15.487518,93.669388",36000,490,294
1684091964,2023-05-14T19:19:24Z,ETD421,"15.496216,93.649323",36000,490,294
1684093966,2023-05-14T19:52:46Z,ETD421,"16.450071,89.149101",36000,482,278
1684094041,2023-05-14T19:54:01Z,ETD421,"16.475876,88.974174",36000,478,278
1684094105,2023-05-14T19:55:05Z,ETD421,"16.497229,88.829468",36000,475,278
1684094175,2023-05-14T19:56:15Z,ETD421,"16.520233,88.673065",36000,475,278
1684094235,2023-05-14T19:57:15Z,ETD421,"16.540382,88.534698",36000,474,278
1684094282,2023-05-14T19:58:02Z,ETD421,"16.555885,88.42778",36000,472,278
1684094351,2023-05-14T19:59:11Z,ETD421,"16.577957,88.274757",36000,470,278
1684094440,2023-05-14T20:00:40Z,ETD421,"16.606659,88.075272",36000,470,278
1684094501,2023-05-14T20:01:41Z,ETD421,"16.62604,87.939278",36000,469,278
1684094564,2023-05-14T20:02:44Z,ETD421,"16.646149,87.797974",36000,468,278
1684094599,2023-05-14T20:03:19Z,ETD421,"16.657196,87.719612",36000,467,278
1684094730,2023-05-14T20:05:30Z,ETD421,"16.69812,87.428429",36000,471,278
1684094745,2023-05-14T20:05:45Z,ETD421,"16.702927,87.394165",36000,472,278
1684094826,2023-05-14T20:07:06Z,ETD421,"16.728516,87.210579",36000,473,278
1684094891,2023-05-14T20:08:11Z,ETD421,"16.756943,87.06694",36000,471,283
1684094926,2023-05-14T20:08:46Z,ETD421,"16.775053,86.990479",36000,471,283
1684095014,2023-05-14T20:10:14Z,ETD421,"16.821558,86.794441",36000,474,283
1684095040,2023-05-14T20:10:40Z,ETD421,"16.835337,86.736275",36000,474,283
1684095126,2023-05-14T20:12:06Z,ETD421,"16.880585,86.544609",36000,477,283
1684095199,2023-05-14T20:13:19Z,ETD421,"16.91848,86.383095",36000,432,283
1684095259,2023-05-14T20:14:19Z,ETD421,"16.950119,86.247925",36000,473,283
1684095323,2023-05-14T20:15:23Z,ETD421,"16.983032,86.107033",36000,474,283
1684095383,2023-05-14T20:16:23Z,ETD421,"17.01433,85.972481",36000,474,283
1684095447,2023-05-14T20:17:27Z,ETD421,"17.046936,85.831703",36000,475,283
1684095510,2023-05-14T20:18:30Z,ETD421,"17.07962,85.690224",36000,475,283
1684095570,2023-05-14T20:19:30Z,ETD421,"17.110474,85.556175",36000,475,283
1684095634,2023-05-14T20:20:34Z,ETD421,"17.143141,85.413994",36000,476,283
1684095694,2023-05-14T20:21:34Z,ETD421,"17.174284,85.27858",36000,477,283
1684095757,2023-05-14T20:22:37Z,ETD421,"17.208035,85.137375",36000,477,283
1684095819,2023-05-14T20:23:39Z,ETD421,"17.240435,85.000877",36000,473,283
1684095880,2023-05-14T20:24:40Z,ETD421,"17.272882,84.863792",36000,472,283
1684095942,2023-05-14T20:25:42Z,ETD421,"17.305283,84.726318",36000,473,283
1684096004,2023-05-14T20:26:44Z,ETD421,"17.337311,84.589622",36000,475,283
1684096065,2023-05-14T20:27:45Z,ETD421,"17.369751,84.452385",36000,473,284
1684096127,2023-05-14T20:28:47Z,ETD421,"17.403507,84.316589",36000,473,284
1684096189,2023-05-14T20:29:49Z,ETD421,"17.43749,84.177689",36000,473,284
1684096251,2023-05-14T20:30:51Z,ETD421,"17.470642,84.041702",36000,474,284
1684096314,2023-05-14T20:31:54Z,ETD421,"17.505157,83.899841",36000,477,284
1684096375,2023-05-14T20:32:55Z,ETD421,"17.53981,83.764343",36000,478,284
1684096437,2023-05-14T20:33:57Z,ETD421,"17.575012,83.62571",36000,474,284
1684096498,2023-05-14T20:34:58Z,ETD421,"17.608932,83.491325",36000,472,284
1684096559,2023-05-14T20:35:59Z,ETD421,"17.643112,83.35553",36000,470,284
1684096621,2023-05-14T20:37:01Z,ETD421,"17.679382,83.220856",36000,473,287
1684096682,2023-05-14T20:38:02Z,ETD421,"17.722275,83.087379",36000,474,288
1684096744,2023-05-14T20:39:04Z,ETD421,"17.765545,82.953346",36000,474,288
1684096805,2023-05-14T20:40:05Z,ETD421,"17.808559,82.81955",36000,475,288
1684096866,2023-05-14T20:41:06Z,ETD421,"17.851593,82.685417",36000,475,288
1684096928,2023-05-14T20:42:08Z,ETD421,"17.894121,82.552399",36000,470,288
1684096989,2023-05-14T20:43:09Z,ETD421,"17.936392,82.419922",36000,468,288
1684097050,2023-05-14T20:44:10Z,ETD421,"17.97773,82.289902",36000,466,288
1684097111,2023-05-14T20:45:11Z,ETD421,"18.019592,82.158073",36000,464,288
1684097173,2023-05-14T20:46:13Z,ETD421,"18.061157,82.026672",36000,463,288
1684097235,2023-05-14T20:47:15Z,ETD421,"18.104507,81.893105",36000,465,289
1684097295,2023-05-14T20:48:15Z,ETD421,"18.146896,81.764351",36000,467,288
1684097359,2023-05-14T20:49:19Z,ETD421,"18.192009,81.626022",36000,470,288
1684097421,2023-05-14T20:50:21Z,ETD421,"18.235062,81.493492",36000,471,288
1684097483,2023-05-14T20:51:23Z,ETD421,"18.279144,81.35778",36000,474,288
1684097544,2023-05-14T20:52:24Z,ETD421,"18.321796,81.226021",36000,474,288
1684097604,2023-05-14T20:53:24Z,ETD421,"18.364792,81.092834",36000,476,288
1684097667,2023-05-14T20:54:27Z,ETD421,"18.408966,80.955605",36000,475,288
1684097729,2023-05-14T20:55:29Z,ETD421,"18.452656,80.819626",36000,474,288
1684097790,2023-05-14T20:56:30Z,ETD421,"18.495575,80.685699",36000,473,288
1684097852,2023-05-14T20:57:32Z,ETD421,"18.538359,80.551308",36000,470,287
1684097913,2023-05-14T20:58:33Z,ETD421,"18.57802,80.417923",36000,468,287
1684097975,2023-05-14T20:59:35Z,ETD421,"18.618195,80.28344",36000,463,287
1684098037,2023-05-14T21:00:37Z,ETD421,"18.657951,80.150757",36000,462,287
1684098099,2023-05-14T21:01:39Z,ETD421,"18.697266,80.019165",36000,459,287
1684098160,2023-05-14T21:02:40Z,ETD421,"18.736084,79.888557",36000,457,287
1684098221,2023-05-14T21:03:41Z,ETD421,"18.774471,79.758842",36000,457,287
1684098282,2023-05-14T21:04:42Z,ETD421,"18.812784,79.629456",36000,456,287
1684098345,2023-05-14T21:05:45Z,ETD421,"18.852119,79.496071",36000,455,287
1684098406,2023-05-14T21:06:46Z,ETD421,"18.889967,79.367134",36000,454,287
1684098467,2023-05-14T21:07:47Z,ETD421,"18.928299,79.236145",36000,456,287
1684098527,2023-05-14T21:08:47Z,ETD421,"18.965607,79.108627",36000,456,287
1684098591,2023-05-14T21:09:51Z,ETD421,"19.005249,78.972618",36000,456,287
1684098654,2023-05-14T21:10:54Z,ETD421,"19.043747,78.839996",36000,454,286
1684098716,2023-05-14T21:11:56Z,ETD421,"19.081856,78.708504",36000,455,286
1684098776,2023-05-14T21:12:56Z,ETD421,"19.118912,78.580055",36000,454,287
1684098840,2023-05-14T21:14:00Z,ETD421,"19.158155,78.443932",36000,454,286
1684098901,2023-05-14T21:15:01Z,ETD421,"19.195164,78.315094",36000,454,286
1684098961,2023-05-14T21:16:01Z,ETD421,"19.23222,78.185555",36000,458,286
1684099023,2023-05-14T21:17:03Z,ETD421,"19.265877,78.052765",36000,458,283
1684099085,2023-05-14T21:18:05Z,ETD421,"19.296295,77.918129",36000,458,283
1684099146,2023-05-14T21:19:06Z,ETD421,"19.326782,77.785751",36000,454,283
1684099208,2023-05-14T21:20:08Z,ETD421,"19.357445,77.652466",36000,452,283
1684099271,2023-05-14T21:21:11Z,ETD421,"19.388397,77.516785",36000,453,283
1684099332,2023-05-14T21:22:12Z,ETD421,"19.418661,77.383751",36000,454,283
1684099395,2023-05-14T21:23:15Z,ETD421,"19.449339,77.24852",36000,454,283
1684099456,2023-05-14T21:24:16Z,ETD421,"19.479126,77.115982",36000,455,283
1684099518,2023-05-14T21:25:18Z,ETD421,"19.508833,76.983345",36000,454,283
1684099581,2023-05-14T21:26:21Z,ETD421,"19.539463,76.845818",36000,452,283
1684099642,2023-05-14T21:27:22Z,ETD421,"19.569258,76.714684",36000,451,283
1684099706,2023-05-14T21:28:26Z,ETD421,"19.600433,76.57711",36000,453,283
1684099769,2023-05-14T21:29:29Z,ETD421,"19.630966,76.441742",36000,456,283
1684099830,2023-05-14T21:30:30Z,ETD421,"19.660639,76.309784",36000,456,283
1684099891,2023-05-14T21:31:31Z,ETD421,"19.690521,76.176353",36000,456,283
1684099955,2023-05-14T21:32:35Z,ETD421,"19.721529,76.037422",36000,458,283
1684100018,2023-05-14T21:33:38Z,ETD421,"19.752548,75.897873",36000,462,283
1684100079,2023-05-14T21:34:39Z,ETD421,"19.782028,75.764709",36000,462,283
1684100142,2023-05-14T21:35:42Z,ETD421,"19.812912,75.624786",36000,462,283
1684100202,2023-05-14T21:36:42Z,ETD421,"19.842224,75.49157",36000,463,283
1684100266,2023-05-14T21:37:46Z,ETD421,"19.872126,75.350533",36000,462,280
1684100327,2023-05-14T21:38:47Z,ETD421,"19.896194,75.215851",36000,462,280
1684100390,2023-05-14T21:39:50Z,ETD421,"19.92231,75.074272",36000,461,280
1684100454,2023-05-14T21:40:54Z,ETD421,"19.948471,74.933197",36000,459,281
1684100514,2023-05-14T21:41:54Z,ETD421,"19.973099,74.799316",36000,459,280
1684100576,2023-05-14T21:42:56Z,ETD421,"19.998096,74.662888",36000,458,280
1684100638,2023-05-14T21:43:58Z,ETD421,"20.022583,74.528305",36000,458,280
1684100701,2023-05-14T21:45:01Z,ETD421,"20.047852,74.388626",36000,458,280
1684100762,2023-05-14T21:46:02Z,ETD421,"20.072479,74.25193",36000,456,280
1684100824,2023-05-14T21:47:04Z,ETD421,"20.096649,74.117348",36000,455,280
1684100887,2023-05-14T21:48:07Z,ETD421,"20.121506,73.977837",36000,453,280
1684100950,2023-05-14T21:49:10Z,ETD421,"20.145905,73.841026",36000,453,280
1684101013,2023-05-14T21:50:13Z,ETD421,"20.170294,73.702728",36000,450,280
1684101074,2023-05-14T21:51:14Z,ETD421,"20.193466,73.57132",36000,450,280
1684101134,2023-05-14T21:52:14Z,ETD421,"20.216473,73.440208",36000,449,280
1684101197,2023-05-14T21:53:17Z,ETD421,"20.240341,73.30323",36000,449,280
1684101258,2023-05-14T21:54:18Z,ETD421,"20.263723,73.174088",36000,448,281
1684101320,2023-05-14T21:55:20Z,ETD421,"20.289095,73.040955",36000,448,281
1684101381,2023-05-14T21:56:21Z,ETD421,"20.313581,72.909218",36000,448,281
1684101441,2023-05-14T21:57:21Z,ETD421,"20.337929,72.778282",36000,448,281
1684101502,2023-05-14T21:58:22Z,ETD421,"20.362244,72.646507",36000,448,281
1684101565,2023-05-14T21:59:25Z,ETD421,"20.387787,72.508095",36000,447,281
1684101627,2023-05-14T22:00:27Z,ETD421,"20.412086,72.375534",36000,448,280
1684101687,2023-05-14T22:01:27Z,ETD421,"20.435852,72.245453",36000,450,280
1684101749,2023-05-14T22:02:29Z,ETD421,"20.460251,72.111122",36000,450,280
1684101809,2023-05-14T22:03:29Z,ETD421,"20.483963,71.979927",36000,450,280
1684101873,2023-05-14T22:04:33Z,ETD421,"20.508957,71.840431",36000,450,280
1684101936,2023-05-14T22:05:36Z,ETD421,"20.533819,71.701271",36000,450,280
1684101996,2023-05-14T22:06:36Z,ETD421,"20.557236,71.569588",36000,450,280
1684102060,2023-05-14T22:07:40Z,ETD421,"20.581583,71.431808",36000,450,280
1684102121,2023-05-14T22:08:41Z,ETD421,"20.605316,71.296951",36000,451,280
1684102181,2023-05-14T22:09:41Z,ETD421,"20.628021,71.167274",36000,450,280
1684102245,2023-05-14T22:10:45Z,ETD421,"20.652466,71.027298",36000,449,280
1684102308,2023-05-14T22:11:48Z,ETD421,"20.676315,70.889725",36000,450,280
1684102369,2023-05-14T22:12:49Z,ETD421,"20.699266,70.7565",36000,450,280
1684102430,2023-05-14T22:13:50Z,ETD421,"20.722216,70.623215",36000,450,280
1684102491,2023-05-14T22:14:51Z,ETD421,"20.744747,70.491028",36000,449,280
1684102552,2023-05-14T22:15:52Z,ETD421,"20.767502,70.357574",36000,448,280
1684102613,2023-05-14T22:16:53Z,ETD421,"20.789932,70.225342",36000,448,280
1684102673,2023-05-14T22:17:53Z,ETD421,"20.81218,70.092972",36000,448,280
1684102737,2023-05-14T22:18:57Z,ETD421,"20.835434,69.954559",36000,448,280
1684102798,2023-05-14T22:19:58Z,ETD421,"20.85745,69.82251",36000,447,280
1684102861,2023-05-14T22:21:01Z,ETD421,"20.880386,69.684418",36000,447,280
1684102922,2023-05-14T22:22:02Z,ETD421,"20.902094,69.552948",36000,448,280
1684102984,2023-05-14T22:23:04Z,ETD421,"20.924253,69.418266",36000,448,279
1684103044,2023-05-14T22:24:04Z,ETD421,"20.945854,69.285927",36000,448,279
1684103105,2023-05-14T22:25:05Z,ETD421,"20.967453,69.153687",36000,449,280
1684103167,2023-05-14T22:26:07Z,ETD421,"21.011398,69.022308",36000,452,293
1684103231,2023-05-14T22:27:11Z,ETD421,"21.065493,68.893028",36000,452,294
1684103292,2023-05-14T22:28:12Z,ETD421,"21.117632,68.767906",36000,451,293
1684103353,2023-05-14T22:29:13Z,ETD421,"21.169304,68.64344",36000,450,293
1684103416,2023-05-14T22:30:16Z,ETD421,"21.22242,68.515373",36000,449,293
1684103478,2023-05-14T22:31:18Z,ETD421,"21.274372,68.389946",36000,448,293
1684103548,2023-05-14T22:32:28Z,ETD421,"21.333214,68.247124",36000,447,293
1684103609,2023-05-14T22:33:29Z,ETD421,"21.383743,68.124374",36000,447,293
1684103670,2023-05-14T22:34:30Z,ETD421,"21.434509,68.000725",36000,446,293
1684103731,2023-05-14T22:35:31Z,ETD421,"21.48558,67.875977",36000,444,293
1684103792,2023-05-14T22:36:32Z,ETD421,"21.535812,67.752937",36000,443,293
1684103853,2023-05-14T22:37:33Z,ETD421,"21.585714,67.630516",36000,445,293
1684103916,2023-05-14T22:38:36Z,ETD421,"21.637802,67.502197",36000,444,293
1684103944,2023-05-14T22:39:04Z,ETD421,"21.660244,67.447052",36000,444,293
1684104029,2023-05-14T22:40:29Z,ETD421,"21.730179,67.274078",36000,444,293
1684104090,2023-05-14T22:41:30Z,ETD421,"21.780304,67.149986",36000,443,293
1684104151,2023-05-14T22:42:31Z,ETD421,"21.829834,67.026672",36000,442,293
1684104212,2023-05-14T22:43:32Z,ETD421,"21.878946,66.904549",36000,440,293
1684104276,2023-05-14T22:44:36Z,ETD421,"21.93062,66.775307",36000,440,293
1684104338,2023-05-14T22:45:38Z,ETD421,"21.97966,66.652458",36000,438,293
1684104400,2023-05-14T22:46:40Z,ETD421,"22.02951,66.527458",36000,435,293
1684104463,2023-05-14T22:47:43Z,ETD421,"22.078445,66.404167",36000,435,292
1684104526,2023-05-14T22:48:46Z,ETD421,"22.128891,66.276924",36000,434,293
1684104589,2023-05-14T22:49:49Z,ETD421,"22.178928,66.150307",36000,433,293
1684104651,2023-05-14T22:50:51Z,ETD421,"22.227264,66.027634",36000,433,292
1684104711,2023-05-14T22:51:51Z,ETD421,"22.274368,65.907784",36000,432,292
1684104775,2023-05-14T22:52:55Z,ETD421,"22.323761,65.781837",36000,432,292
1684104835,2023-05-14T22:53:55Z,ETD421,"22.37105,65.661064",36000,432,292
1684104899,2023-05-14T22:54:59Z,ETD421,"22.419983,65.535393",36000,432,292
1684104959,2023-05-14T22:55:59Z,ETD421,"22.466904,65.414894",36000,432,292
1684105023,2023-05-14T22:57:03Z,ETD421,"22.515781,65.288849",36000,432,292
1684105083,2023-05-14T22:58:03Z,ETD421,"22.562347,65.168549",36000,431,292
1684105147,2023-05-14T22:59:07Z,ETD421,"22.611328,65.041512",36000,430,292
1684105210,2023-05-14T23:00:10Z,ETD421,"22.659439,64.916664",36000,429,292
1684105271,2023-05-14T23:01:11Z,ETD421,"22.705574,64.796242",36000,428,292
1684105331,2023-05-14T23:02:11Z,ETD421,"22.750637,64.67865",36000,426,292
1684105372,2023-05-14T23:02:52Z,ETD421,"22.781433,64.598061",36000,426,292
1684105464,2023-05-14T23:04:24Z,ETD421,"22.849281,64.419861",36000,424,292
1684105525,2023-05-14T23:05:25Z,ETD421,"22.896011,64.296783",36000,426,292
1684105587,2023-05-14T23:06:27Z,ETD421,"22.942804,64.17318",36000,425,292
1684105646,2023-05-14T23:07:26Z,ETD421,"22.986704,64.057007",36000,425,292
1684105686,2023-05-14T23:08:06Z,ETD421,"23.016998,63.976536",36000,425,292
1684105753,2023-05-14T23:09:13Z,ETD421,"23.057602,63.842201",36000,419,277
1684105756,2023-05-14T23:09:16Z,ETD421,"23.058161,63.835804",36000,419,275
1684105760,2023-05-14T23:09:20Z,ETD421,"23.058626,63.827667",36000,418,274
1684105954,2023-05-14T23:12:34Z,ETD421,"23.063095,63.425037",36000,417,270
1684105963,2023-05-14T23:12:43Z,ETD421,"23.063282,63.40271",36000,416,270
1684106073,2023-05-14T23:14:33Z,ETD421,"23.065338,63.174484",36000,416,270
1684106112,2023-05-14T23:15:12Z,ETD421,"23.065935,63.092854",36000,416,270
1684106206,2023-05-14T23:16:46Z,ETD421,"23.067215,62.896229",36000,416,270
1684106258,2023-05-14T23:17:38Z,ETD421,"23.067844,62.787579",36000,416,270
1684106319,2023-05-14T23:18:39Z,ETD421,"23.068542,62.662304",36000,414,270
1684106407,2023-05-14T23:20:07Z,ETD421,"23.069229,62.479347",36000,415,270
1684106468,2023-05-14T23:21:08Z,ETD421,"23.069595,62.352505",36000,415,270
1684106538,2023-05-14T23:22:18Z,ETD421,"23.069916,62.205387",36000,383,270
1684106547,2023-05-14T23:22:27Z,ETD421,"23.069939,62.190094",36000,415,270
1684106633,2023-05-14T23:23:53Z,ETD421,"23.070145,62.01038",36000,414,270
1684106667,2023-05-14T23:24:27Z,ETD421,"23.070171,61.941021",36000,413,270
1684106754,2023-05-14T23:25:54Z,ETD421,"23.070007,61.757446",36000,413,270
1684106816,2023-05-14T23:26:56Z,ETD421,"23.06987,61.636398",36000,413,269
1684106879,2023-05-14T23:27:59Z,ETD421,"23.069008,61.500702",36000,414,267
1684106943,2023-05-14T23:29:03Z,ETD421,"23.054483,61.369781",36000,412,261
1684107002,2023-05-14T23:30:02Z,ETD421,"23.038239,61.24728",36000,412,261
1684107066,2023-05-14T23:31:06Z,ETD421,"23.021152,61.118317",36000,411,261
1684107128,2023-05-14T23:32:08Z,ETD421,"23.003881,60.989532",36000,411,261
1684107189,2023-05-14T23:33:09Z,ETD421,"22.987244,60.865955",36000,411,261
1684107253,2023-05-14T23:34:13Z,ETD421,"22.969805,60.736492",36000,410,261
1684107316,2023-05-14T23:35:16Z,ETD421,"22.952499,60.608627",36000,410,261
1684107379,2023-05-14T23:36:19Z,ETD421,"22.934738,60.479237",36000,411,261
1684107439,2023-05-14T23:37:19Z,ETD421,"22.917852,60.356342",36000,412,261
1684107503,2023-05-14T23:38:23Z,ETD421,"22.900023,60.227612",36000,410,261
1684107566,2023-05-14T23:39:26Z,ETD421,"22.882147,60.1003",36000,412,261
1684107629,2023-05-14T23:40:29Z,ETD421,"22.863785,59.970169",36000,412,261
1684107693,2023-05-14T23:41:33Z,ETD421,"22.845383,59.840031",36000,413,261
1684107756,2023-05-14T23:42:36Z,ETD421,"22.827496,59.71059",36000,414,261
1684107818,2023-05-14T23:43:38Z,ETD421,"22.809723,59.583801",36000,415,261
1684107881,2023-05-14T23:44:41Z,ETD421,"22.791229,59.453163",36000,416,261
1684107943,2023-05-14T23:45:43Z,ETD421,"22.773376,59.326969",36000,418,261
1684108006,2023-05-14T23:46:46Z,ETD421,"22.754734,59.196827",36000,418,261
1684108066,2023-05-14T23:47:46Z,ETD421,"22.736572,59.070438",36000,419,261
1684108127,2023-05-14T23:48:47Z,ETD421,"22.718609,58.946278",36000,419,261
1684108191,2023-05-14T23:49:51Z,ETD421,"22.698965,58.811951",36000,421,261
1684108252,2023-05-14T23:50:52Z,ETD421,"22.680496,58.685169",36000,422,261
1684108289,2023-05-14T23:51:29Z,ETD421,"22.673584,58.609215",36000,422,271
1684108291,2023-05-14T23:51:31Z,ETD421,"22.673996,58.602921",36000,421,273
1684108294,2023-05-14T23:51:34Z,ETD421,"22.67457,58.596699",36000,422,275
1684108297,2023-05-14T23:51:37Z,ETD421,"22.675278,58.590286",36000,422,276
1684108301,2023-05-14T23:51:41Z,ETD421,"22.676239,58.583797",36000,423,278
1684108304,2023-05-14T23:51:44Z,ETD421,"22.677364,58.577168",36000,424,280
1684108307,2023-05-14T23:51:47Z,ETD421,"22.678619,58.57106",36000,425,281
1684108310,2023-05-14T23:51:50Z,ETD421,"22.680038,58.564819",36000,425,284
1684108312,2023-05-14T23:51:52Z,ETD421,"22.681507,58.55896",36000,427,284
1684108316,2023-05-14T23:51:56Z,ETD421,"22.68309,58.552753",36000,428,285
1684108318,2023-05-14T23:51:58Z,ETD421,"22.684708,58.546494",36000,428,285
1684108322,2023-05-14T23:52:02Z,ETD421,"22.68631,58.5401",36000,428,285
1684108324,2023-05-14T23:52:04Z,ETD421,"22.687838,58.533985",36000,427,285
1684108388,2023-05-14T23:53:08Z,ETD421,"22.72229,58.40292",36000,428,285
1684108449,2023-05-14T23:54:09Z,ETD421,"22.754745,58.279175",36000,426,285
1684108512,2023-05-14T23:55:12Z,ETD421,"22.788391,58.149837",36000,426,285
1684108575,2023-05-14T23:56:15Z,ETD421,"22.822357,58.018448",36000,430,285
1684108635,2023-05-14T23:57:15Z,ETD421,"22.854448,57.894032",36000,430,285
1684108699,2023-05-14T23:58:19Z,ETD421,"22.888321,57.762516",36000,430,285
1684108763,2023-05-14T23:59:23Z,ETD421,"22.921326,57.630184",36000,430,284
1684108823,2023-05-15T00:00:23Z,ETD421,"22.952545,57.50494",36000,430,285
1684108887,2023-05-15T00:01:27Z,ETD421,"22.984982,57.373707",36000,432,284
1684108950,2023-05-15T00:02:30Z,ETD421,"23.030975,57.245434",36000,438,297
1684109013,2023-05-15T00:03:33Z,ETD421,"23.08963,57.121937",36000,436,297
1684109073,2023-05-15T00:04:33Z,ETD421,"23.144669,57.006058",36000,434,297
1684109136,2023-05-15T00:05:36Z,ETD421,"23.202805,56.883263",36000,436,297
1684109200,2023-05-15T00:06:40Z,ETD421,"23.260803,56.760303",36000,437,296
1684109263,2023-05-15T00:07:43Z,ETD421,"23.319214,56.636169",36000,438,296
1684109326,2023-05-15T00:08:46Z,ETD421,"23.374329,56.518864",34275,426,296
1684109386,2023-05-15T00:09:46Z,ETD421,"23.429695,56.400959",32200,414,297
1684109449,2023-05-15T00:10:49Z,ETD421,"23.482485,56.28764",30025,402,296
1684109511,2023-05-15T00:11:51Z,ETD421,"23.535601,56.173706",27950,392,296
1684109574,2023-05-15T00:12:54Z,ETD421,"23.586639,56.064251",25925,383,296
1684109634,2023-05-15T00:13:54Z,ETD421,"23.632782,55.964764",24075,374,296
1684109698,2023-05-15T00:14:58Z,ETD421,"23.681356,55.859779",22125,364,296
1684109759,2023-05-15T00:15:59Z,ETD421,"23.728729,55.757343",20275,358,296
1684109819,2023-05-15T00:16:59Z,ETD421,"23.773315,55.660706",18400,352,296
1684109883,2023-05-15T00:18:03Z,ETD421,"23.819057,55.561333",16500,346,296
1684109914,2023-05-15T00:18:34Z,ETD421,"23.84145,55.511532",15600,343,294
1684109947,2023-05-15T00:19:07Z,ETD421,"23.862167,55.4599",14625,340,293
1684109980,2023-05-15T00:19:40Z,ETD421,"23.883114,55.408718",13975,328,294
1684110014,2023-05-15T00:20:14Z,ETD421,"23.903091,55.36021",13075,324,294
1684110047,2023-05-15T00:20:47Z,ETD421,"23.925802,55.311031",12200,322,302
1684110053,2023-05-15T00:20:53Z,ETD421,"23.931015,55.302895",12050,320,305
1684110056,2023-05-15T00:20:56Z,ETD421,"23.933716,55.299007",11975,320,307
1684110059,2023-05-15T00:20:59Z,ETD421,"23.936369,55.29533",11900,320,308
1684110062,2023-05-15T00:21:02Z,ETD421,"23.939255,55.291649",11825,319,309
1684110065,2023-05-15T00:21:05Z,ETD421,"23.942322,55.287781",11725,320,310
1684110068,2023-05-15T00:21:08Z,ETD421,"23.945251,55.284168",11650,319,311
1684110071,2023-05-15T00:21:11Z,ETD421,"23.948181,55.280506",11575,320,311
1684110074,2023-05-15T00:21:14Z,ETD421,"23.950195,55.278023",11475,320,311
1684110086,2023-05-15T00:21:26Z,ETD421,"23.961777,55.26347",11175,317,310
1684110098,2023-05-15T00:21:38Z,ETD421,"23.97389,55.248325",10950,310,311
1684110109,2023-05-15T00:21:49Z,ETD421,"23.984528,55.235088",10725,300,311
1684110122,2023-05-15T00:22:02Z,ETD421,"23.99577,55.221069",10500,289,311
1684110134,2023-05-15T00:22:14Z,ETD421,"24.006662,55.207596",10225,282,311
1684110146,2023-05-15T00:22:26Z,ETD421,"24.016846,55.194904",9900,279,311
1684110158,2023-05-15T00:22:38Z,ETD421,"24.0271,55.18214",9600,280,311
1684110170,2023-05-15T00:22:50Z,ETD421,"24.037107,55.169556",9375,278,310
1684110182,2023-05-15T00:23:02Z,ETD421,"24.047537,55.156445",9125,275,311
1684110196,2023-05-15T00:23:16Z,ETD421,"24.058058,55.143333",8825,274,311
1684110209,2023-05-15T00:23:29Z,ETD421,"24.070066,55.128307",8575,272,310
1684110221,2023-05-15T00:23:41Z,ETD421,"24.079937,55.115974",8350,272,311
1684110233,2023-05-15T00:23:53Z,ETD421,"24.090225,55.103046",8075,271,310
1684110245,2023-05-15T00:24:05Z,ETD421,"24.100021,55.09079",7825,270,310
1684110257,2023-05-15T00:24:17Z,ETD421,"24.109962,55.078297",7575,270,310
1684110269,2023-05-15T00:24:29Z,ETD421,"24.119614,55.066223",7325,269,311
1684110281,2023-05-15T00:24:41Z,ETD421,"24.129421,55.05389",7175,265,311
1684110293,2023-05-15T00:24:53Z,ETD421,"24.139206,55.041706",7075,259,311
1684110305,2023-05-15T00:25:05Z,ETD421,"24.148508,55.030102",6975,252,311
1684110317,2023-05-15T00:25:17Z,ETD421,"24.157562,55.018768",6850,247,311
1684110330,2023-05-15T00:25:30Z,ETD421,"24.166664,55.007404",6750,241,310
1684110341,2023-05-15T00:25:41Z,ETD421,"24.175415,54.996643",6650,234,313
1684110354,2023-05-15T00:25:54Z,ETD421,"24.185051,54.986988",6525,232,320
1684110357,2023-05-15T00:25:57Z,ETD421,"24.187658,54.984707",6475,231,321
1684110359,2023-05-15T00:25:59Z,ETD421,"24.189846,54.982841",6450,230,321
1684110371,2023-05-15T00:26:11Z,ETD421,"24.199036,54.973602",6250,228,316
1684110384,2023-05-15T00:26:24Z,ETD421,"24.208557,54.963276",6050,228,314
1684110390,2023-05-15T00:26:30Z,ETD421,"24.21261,54.958431",5975,225,311
1684110402,2023-05-15T00:26:42Z,ETD421,"24.220524,54.948067",5850,219,310
1684110414,2023-05-15T00:26:54Z,ETD421,"24.22847,54.938152",5700,216,310
1684110426,2023-05-15T00:27:06Z,ETD421,"24.236212,54.92791",5575,209,309
1684110438,2023-05-15T00:27:18Z,ETD421,"24.24321,54.918262",5275,200,308
1684110450,2023-05-15T00:27:30Z,ETD421,"24.24934,54.909668",5075,195,307
1684110462,2023-05-15T00:27:42Z,ETD421,"24.256462,54.899616",4900,186,307
1684110468,2023-05-15T00:27:48Z,ETD421,"24.259302,54.895573",4800,185,307
1684110474,2023-05-15T00:27:54Z,ETD421,"24.262794,54.890701",4700,184,307
1684110480,2023-05-15T00:28:00Z,ETD421,"24.26564,54.886677",4600,183,307
1684110486,2023-05-15T00:28:06Z,ETD421,"24.26889,54.882153",4500,183,307
1684110492,2023-05-15T00:28:12Z,ETD421,"24.272291,54.877384",4400,183,307
1684110498,2023-05-15T00:28:18Z,ETD421,"24.275345,54.873047",4325,183,307
1684110504,2023-05-15T00:28:24Z,ETD421,"24.278528,54.868626",4250,182,307
1684110510,2023-05-15T00:28:30Z,ETD421,"24.281321,54.864685",4175,182,308
1684110516,2023-05-15T00:28:36Z,ETD421,"24.284719,54.85997",4100,181,308
1684110522,2023-05-15T00:28:42Z,ETD421,"24.287931,54.855461",4025,181,308
1684110528,2023-05-15T00:28:48Z,ETD421,"24.290585,54.85173",3950,181,307
1684110534,2023-05-15T00:28:54Z,ETD421,"24.294113,54.846752",3900,181,307
1684110540,2023-05-15T00:29:00Z,ETD421,"24.29701,54.842663",3825,180,308
1684110546,2023-05-15T00:29:06Z,ETD421,"24.299105,54.83976",3750,179,307
1684110554,2023-05-15T00:29:14Z,ETD421,"24.30348,54.833591",3675,178,307
1684110559,2023-05-15T00:29:19Z,ETD421,"24.306839,54.828846",3600,177,307
1684110565,2023-05-15T00:29:25Z,ETD421,"24.309814,54.824677",3525,177,307
1684110572,2023-05-15T00:29:32Z,ETD421,"24.312881,54.820354",3450,176,307
1684110577,2023-05-15T00:29:37Z,ETD421,"24.315857,54.816235",3400,176,308
1684110584,2023-05-15T00:29:44Z,ETD421,"24.318878,54.811962",3325,174,307
1684110589,2023-05-15T00:29:49Z,ETD421,"24.321991,54.807636",3250,174,307
1684110596,2023-05-15T00:29:56Z,ETD421,"24.324615,54.803951",3150,175,308
1684110603,2023-05-15T00:30:03Z,ETD421,"24.32872,54.798176",3075,176,307
1684110609,2023-05-15T00:30:09Z,ETD421,"24.331879,54.793701",3000,175,307
1684110615,2023-05-15T00:30:15Z,ETD421,"24.334671,54.789734",2900,173,307
1684110622,2023-05-15T00:30:22Z,ETD421,"24.33783,54.785309",2800,171,307
1684110628,2023-05-15T00:30:28Z,ETD421,"24.339745,54.7826",2725,169,307
1684110637,2023-05-15T00:30:37Z,ETD421,"24.344213,54.776329",2575,162,307
1684110647,2023-05-15T00:30:47Z,ETD421,"24.349846,54.768402",2450,156,307
1684110658,2023-05-15T00:30:58Z,ETD421,"24.353897,54.762753",2350,151,308
1684110667,2023-05-15T00:31:07Z,ETD421,"24.357742,54.757336",2225,149,307
1684110676,2023-05-15T00:31:16Z,ETD421,"24.361771,54.751637",2125,149,307
1684110735,2023-05-15T00:32:15Z,ETD421,"24.385086,54.718807",1450,129,307
1684110744,2023-05-15T00:32:24Z,ETD421,"24.388275,54.714306",1350,136,307
1684110750,2023-05-15T00:32:30Z,ETD421,"24.391525,54.709728",1275,136,307
1684110756,2023-05-15T00:32:36Z,ETD421,"24.393839,54.706474",1200,135,307
1684110762,2023-05-15T00:32:42Z,ETD421,"24.396212,54.703156",1125,136,308
1684110768,2023-05-15T00:32:48Z,ETD421,"24.398167,54.700409",1050,136,307
1684110774,2023-05-15T00:32:54Z,ETD421,"24.400822,54.696625",1000,137,307
1684110780,2023-05-15T00:33:00Z,ETD421,"24.403288,54.693153",925,138,307
1684110786,2023-05-15T00:33:06Z,ETD421,"24.405533,54.689991",850,139,307
1684110792,2023-05-15T00:33:12Z,ETD421,"24.40785,54.686729",775,140,307
1684110800,2023-05-15T00:33:20Z,ETD421,"24.410969,54.682377",700,141,307
1684110806,2023-05-15T00:33:26Z,ETD421,"24.413483,54.678852",625,143,307
1684110812,2023-05-15T00:33:32Z,ETD421,"24.415787,54.675549",550,144,307
1684110818,2023-05-15T00:33:38Z,ETD421,"24.418304,54.671986",475,144,307
1684110824,2023-05-15T00:33:44Z,ETD421,"24.420868,54.668377",400,144,307
1684110830,2023-05-15T00:33:50Z,ETD421,"24.423065,54.665325",300,145,307
1684110859,2023-05-15T00:34:19Z,ETD421,"24.431849,54.652863",0,59,306
1684110864,2023-05-15T00:34:24Z,ETD421,"24.432564,54.651882",0,46,309
1684110871,2023-05-15T00:34:31Z,ETD421,"24.433319,54.650791",0,0,303
1684110874,2023-05-15T00:34:34Z,ETD421,"24.433514,54.65041",0,0,298
1684110876,2023-05-15T00:34:36Z,ETD421,"24.433617,54.650192",0,24,295
1684110880,2023-05-15T00:34:40Z,ETD421,"24.433756,54.64978",0,20,289
1684110906,2023-05-15T00:35:06Z,ETD421,"24.434086,54.6478",0,0,278
1684110909,2023-05-15T00:35:09Z,ETD421,"24.434118,54.647552",0,15,278
1684110939,2023-05-15T00:35:39Z,ETD421,"24.434429,54.645184",0,0,278
1684110945,2023-05-15T00:35:45Z,ETD421,"24.434464,54.644787",0,13,272
1684110954,2023-05-15T00:35:54Z,ETD421,"24.43428,54.644272",0,11,244
1684110971,2023-05-15T00:36:11Z,ETD421,"24.433548,54.643822",0,0,194
1684111026,2023-05-15T00:37:06Z,ETD421,"24.430916,54.646824",0,0,129
1684111031,2023-05-15T00:37:11Z,ETD421,"24.430676,54.647152",0,16,129
1684111038,2023-05-15T00:37:18Z,ETD421,"24.430323,54.647655",0,15,126
1684111044,2023-05-15T00:37:24Z,ETD421,"24.430101,54.647964",0,15,126
