Timestamp,UTC,Callsign,Longitude,Latitude,Altitude,Speed,Direction
1665291574,2022-10-09T04:59:34Z,TOM7DE,"50.73101","-3.418159",0,0,129
1665291644,2022-10-09T05:00:44Z,TOM7DE,"50.731121","-3.418363",0,2,129
1665291658,2022-10-09T05:00:58Z,TOM7DE,"50.731236","-3.418567",0,2,132
1665291679,2022-10-09T05:01:19Z,TOM7DE,"50.731396","-3.418771",0,2,101
1665291696,2022-10-09T05:01:36Z,TOM7DE,"50.73143","-3.41898",0,1,73
1665291713,2022-10-09T05:01:53Z,TOM7DE,"50.731396","-3.419189",0,1,53
1665291919,2022-10-09T05:05:19Z,TOM7DE,"50.731476","-3.418975",0,5,56
1665291925,2022-10-09T05:05:25Z,TOM7DE,"50.731567","-3.418734",0,7,56
1665291930,2022-10-09T05:05:30Z,TOM7DE,"50.73167","-3.418493",0,7,59
1665291937,2022-10-09T05:05:37Z,TOM7DE,"50.731766","-3.418217",0,7,59
1665291943,2022-10-09T05:05:43Z,TOM7DE,"50.731884","-3.41795",0,7,59
1665291949,2022-10-09T05:05:49Z,TOM7DE,"50.731979","-3.417695",0,7,59
1665291956,2022-10-09T05:05:56Z,TOM7DE,"50.732105","-3.417339",0,8,59
1665291962,2022-10-09T05:06:02Z,TOM7DE,"50.732197","-3.416977",0,9,73
1665291968,2022-10-09T05:06:08Z,TOM7DE,"50.732208","-3.416595",0,9,92
1665291973,2022-10-09T05:06:13Z,TOM7DE,"50.732174","-3.416271",0,9,101
1665291977,2022-10-09T05:06:17Z,TOM7DE,"50.732151","-3.416043",0,9,101
1665291980,2022-10-09T05:06:20Z,TOM7DE,"50.732128","-3.415794",0,9,98
1665291984,2022-10-09T05:06:24Z,TOM7DE,"50.732117","-3.415508",0,10,95
1665291988,2022-10-09T05:06:28Z,TOM7DE,"50.732105","-3.415279",0,10,92
1665291991,2022-10-09T05:06:31Z,TOM7DE,"50.732105","-3.415022",0,11,92
1665291994,2022-10-09T05:06:34Z,TOM7DE,"50.732094","-3.414726",0,11,92
1665292001,2022-10-09T05:06:41Z,TOM7DE,"50.732082","-3.414135",0,12,92
1665292011,2022-10-09T05:06:51Z,TOM7DE,"50.732071","-3.413239",0,12,92
1665292016,2022-10-09T05:06:56Z,TOM7DE,"50.732071","-3.412851",0,10,90
1665292021,2022-10-09T05:07:01Z,TOM7DE,"50.732105","-3.412498",0,9,81
1665292030,2022-10-09T05:07:10Z,TOM7DE,"50.732197","-3.411922",0,9,78
1665292035,2022-10-09T05:07:15Z,TOM7DE,"50.732243","-3.411626",0,8,75
1665292042,2022-10-09T05:07:22Z,TOM7DE,"50.732338","-3.411217",0,9,70
1665292046,2022-10-09T05:07:26Z,TOM7DE,"50.732449","-3.410939",0,10,59
1665292054,2022-10-09T05:07:34Z,TOM7DE,"50.732769","-3.410587",0,11,25
1665292059,2022-10-09T05:07:39Z,TOM7DE,"50.733025","-3.410492",0,11,11
1665292081,2022-10-09T05:08:01Z,TOM7DE,"50.734341","-3.410587",0,11,351
1665292087,2022-10-09T05:08:07Z,TOM7DE,"50.734619","-3.410587",0,10,5
1665292092,2022-10-09T05:08:12Z,TOM7DE,"50.734806","-3.410358",0,11,42
1665292097,2022-10-09T05:08:17Z,TOM7DE,"50.734898","-3.409993",0,11,70
1665292106,2022-10-09T05:08:26Z,TOM7DE,"50.735039","-3.409157",0,14,75
1665292115,2022-10-09T05:08:35Z,TOM7DE,"50.735184","-3.408211",0,16,75
1665292119,2022-10-09T05:08:39Z,TOM7DE,"50.735287","-3.40758",0,18,75
1665292121,2022-10-09T05:08:41Z,TOM7DE,"50.735321","-3.407302",0,19,75
1665292142,2022-10-09T05:09:02Z,TOM7DE,"50.73576","-3.404522",0,17,75
1665292148,2022-10-09T05:09:08Z,TOM7DE,"50.735863","-3.403816",0,15,75
1665292154,2022-10-09T05:09:14Z,TOM7DE,"50.735962","-3.403219",0,14,75
1665292160,2022-10-09T05:09:20Z,TOM7DE,"50.736061","-3.402634",0,13,75
1665292167,2022-10-09T05:09:27Z,TOM7DE,"50.736145","-3.4021",0,12,75
1665292172,2022-10-09T05:09:32Z,TOM7DE,"50.736225","-3.401604",0,11,75
1665292178,2022-10-09T05:09:38Z,TOM7DE,"50.736294","-3.401165",0,11,75
1665292183,2022-10-09T05:09:43Z,TOM7DE,"50.736328","-3.400784",0,10,81
1665292187,2022-10-09T05:09:47Z,TOM7DE,"50.736328","-3.400547",0,10,92
1665292190,2022-10-09T05:09:50Z,TOM7DE,"50.736294","-3.400324",0,10,101
1665292193,2022-10-09T05:09:53Z,TOM7DE,"50.736259","-3.40012",0,10,104
1665292196,2022-10-09T05:09:56Z,TOM7DE,"50.736214","-3.399906",0,8,104
1665292200,2022-10-09T05:10:00Z,TOM7DE,"50.736237","-3.399677",0,8,78
1665292208,2022-10-09T05:10:08Z,TOM7DE,"50.736446","-3.39962",0,6,357
1665292213,2022-10-09T05:10:13Z,TOM7DE,"50.7365","-3.399842",0,5,298
1665292220,2022-10-09T05:10:20Z,TOM7DE,"50.736454","-3.400083",0,5,258
1665292225,2022-10-09T05:10:25Z,TOM7DE,"50.736412","-3.400345",0,8,255
1665292228,2022-10-09T05:10:28Z,TOM7DE,"50.736355","-3.400669",0,15,255
1665292231,2022-10-09T05:10:31Z,TOM7DE,"50.736271","-3.401234",0,30,255
1665292233,2022-10-09T05:10:33Z,TOM7DE,"50.736191","-3.401718",0,35,255
1665292234,2022-10-09T05:10:34Z,TOM7DE,"50.736145","-3.402032",0,40,255
1665292236,2022-10-09T05:10:36Z,TOM7DE,"50.736019","-3.402848",0,50,255
1665292237,2022-10-09T05:10:37Z,TOM7DE,"50.735981","-3.403111",0,55,255
1665292268,2022-10-09T05:11:08Z,TOM7DE,"50.731651","-3.430786",0,155,255
1665292274,2022-10-09T05:11:14Z,TOM7DE,"50.730743","-3.43731",425,158,257
1665292280,2022-10-09T05:11:20Z,TOM7DE,"50.72979","-3.44429",625,161,257
1665292286,2022-10-09T05:11:26Z,TOM7DE,"50.728683","-3.45134",875,162,256
1665292292,2022-10-09T05:11:32Z,TOM7DE,"50.727539","-3.458318",1100,162,255
1665292295,2022-10-09T05:11:35Z,TOM7DE,"50.726856","-3.461456",1175,162,252
1665292298,2022-10-09T05:11:38Z,TOM7DE,"50.725784","-3.464966",1250,162,246
1665292301,2022-10-09T05:11:41Z,TOM7DE,"50.724747","-3.467523",1300,161,238
1665292304,2022-10-09T05:11:44Z,TOM7DE,"50.722946","-3.470383",1375,160,230
1665292307,2022-10-09T05:11:47Z,TOM7DE,"50.721313","-3.472348",1400,159,217
1665292310,2022-10-09T05:11:50Z,TOM7DE,"50.719254","-3.473981",1450,158,207
1665292311,2022-10-09T05:11:51Z,TOM7DE,"50.718475","-3.474426",1475,158,207
1665292314,2022-10-09T05:11:54Z,TOM7DE,"50.716335","-3.475342",1525,161,195
1665292317,2022-10-09T05:11:57Z,TOM7DE,"50.714008","-3.475876",1550,164,192
1665292321,2022-10-09T05:12:01Z,TOM7DE,"50.710751","-3.476105",1625,171,181
1665292325,2022-10-09T05:12:05Z,TOM7DE,"50.708313","-3.476134",1700,176,180
1665292329,2022-10-09T05:12:09Z,TOM7DE,"50.704838","-3.476257",1800,180,181
1665292333,2022-10-09T05:12:13Z,TOM7DE,"50.701263","-3.476505",1875,184,182
1665292337,2022-10-09T05:12:17Z,TOM7DE,"50.698086","-3.476715",1925,191,182
1665292341,2022-10-09T05:12:21Z,TOM7DE,"50.694363","-3.47702",1975,198,182
1665292345,2022-10-09T05:12:25Z,TOM7DE,"50.690407","-3.477325",2050,204,183
1665292353,2022-10-09T05:12:33Z,TOM7DE,"50.682354","-3.477936",2200,213,182
1665292361,2022-10-09T05:12:41Z,TOM7DE,"50.673798","-3.478583",2450,227,182
1665292369,2022-10-09T05:12:49Z,TOM7DE,"50.666016","-3.479124",2775,229,182
1665292377,2022-10-09T05:12:57Z,TOM7DE,"50.658005","-3.479697",3175,230,182
1665292384,2022-10-09T05:13:04Z,TOM7DE,"50.650223","-3.479992",3525,232,181
1665292392,2022-10-09T05:13:12Z,TOM7DE,"50.640381","-3.480425",3925,234,181
1665292398,2022-10-09T05:13:18Z,TOM7DE,"50.633835","-3.480715",4200,236,181
1665292404,2022-10-09T05:13:24Z,TOM7DE,"50.627422","-3.481107",4500,237,181
1665292410,2022-10-09T05:13:30Z,TOM7DE,"50.620697","-3.481437",4800,237,181
1665292416,2022-10-09T05:13:36Z,TOM7DE,"50.614853","-3.481701",5050,238,181
1665292430,2022-10-09T05:13:50Z,TOM7DE,"50.598606","-3.482666",5700,243,182
1665292442,2022-10-09T05:14:02Z,TOM7DE,"50.585449","-3.483533",6200,248,182
1665292454,2022-10-09T05:14:14Z,TOM7DE,"50.570297","-3.484401",6700,254,182
1665292466,2022-10-09T05:14:26Z,TOM7DE,"50.556614","-3.485264",7150,260,182
1665292478,2022-10-09T05:14:38Z,TOM7DE,"50.543381","-3.485919",7675,261,181
1665292490,2022-10-09T05:14:50Z,TOM7DE,"50.528595","-3.486569",8225,263,181
1665292502,2022-10-09T05:15:02Z,TOM7DE,"50.512756","-3.48722",8825,264,181
1665292515,2022-10-09T05:15:15Z,TOM7DE,"50.498238","-3.485264",9425,268,171
1665292518,2022-10-09T05:15:18Z,TOM7DE,"50.494125","-3.483895",9550,267,168
1665292521,2022-10-09T05:15:21Z,TOM7DE,"50.490646","-3.482449",9700,268,165
1665292523,2022-10-09T05:15:23Z,TOM7DE,"50.487114","-3.480736",9825,270,163
1665292526,2022-10-09T05:15:26Z,TOM7DE,"50.483715","-3.47888",9975,269,160
1665292530,2022-10-09T05:15:30Z,TOM7DE,"50.480438","-3.476811",10100,271,158
1665292533,2022-10-09T05:15:33Z,TOM7DE,"50.476822","-3.474426",10225,272,157
1665292536,2022-10-09T05:15:36Z,TOM7DE,"50.473251","-3.472041",10375,272,156
1665292539,2022-10-09T05:15:39Z,TOM7DE,"50.469795","-3.469676",10500,272,156
1665292542,2022-10-09T05:15:42Z,TOM7DE,"50.466164","-3.4673",10625,273,157
1665292545,2022-10-09T05:15:45Z,TOM7DE,"50.462677","-3.46503",10775,273,157
1665292548,2022-10-09T05:15:48Z,TOM7DE,"50.459061","-3.462717",10900,273,157
1665292560,2022-10-09T05:16:00Z,TOM7DE,"50.44519","-3.453755",11425,275,157
1665292572,2022-10-09T05:16:12Z,TOM7DE,"50.430737","-3.444585",11875,280,158
1665292584,2022-10-09T05:16:24Z,TOM7DE,"50.416077","-3.435396",12375,284,157
1665292617,2022-10-09T05:16:57Z,TOM7DE,"50.37534","-3.409473",13800,291,158
1665292650,2022-10-09T05:17:30Z,TOM7DE,"50.33321","-3.38275",15225,298,157
1665292681,2022-10-09T05:18:01Z,TOM7DE,"50.294014","-3.357956",16525,305,157
1665292713,2022-10-09T05:18:33Z,TOM7DE,"50.250183","-3.330158",17700,318,157
1665292746,2022-10-09T05:19:06Z,TOM7DE,"50.2024","-3.300204",18150,353,158
1665292782,2022-10-09T05:19:42Z,TOM7DE,"50.146721","-3.269323",19450,360,171
1665292785,2022-10-09T05:19:45Z,TOM7DE,"50.141602","-3.268581",19575,358,174
1665292788,2022-10-09T05:19:48Z,TOM7DE,"50.136482","-3.268433",19675,358,177
1665292791,2022-10-09T05:19:51Z,TOM7DE,"50.131687","-3.268655",19775,358,181
1665292794,2022-10-09T05:19:54Z,TOM7DE,"50.12759","-3.269101",19875,358,183
1665292797,2022-10-09T05:19:57Z,TOM7DE,"50.121864","-3.270288",19975,357,187
1665292800,2022-10-09T05:20:00Z,TOM7DE,"50.117813","-3.271402",20075,357,190
1665292803,2022-10-09T05:20:03Z,TOM7DE,"50.11203","-3.273637",20175,357,193
1665292806,2022-10-09T05:20:06Z,TOM7DE,"50.107452","-3.275733",20300,358,195
1665292809,2022-10-09T05:20:09Z,TOM7DE,"50.10273","-3.278157",20400,357,197
1665292812,2022-10-09T05:20:12Z,TOM7DE,"50.098167","-3.280458",20525,358,198
1665292815,2022-10-09T05:20:15Z,TOM7DE,"50.09314","-3.282982",20625,358,197
1665292818,2022-10-09T05:20:18Z,TOM7DE,"50.088207","-3.285432",20725,360,197
1665292821,2022-10-09T05:20:21Z,TOM7DE,"50.083786","-3.287514",20850,360,197
1665292824,2022-10-09T05:20:24Z,TOM7DE,"50.079163","-3.289682",20925,362,196
1665292887,2022-10-09T05:21:27Z,TOM7DE,"49.975502","-3.336503",22950,376,196
1665292948,2022-10-09T05:22:28Z,TOM7DE,"49.87262","-3.383861",24650,391,196
1665293011,2022-10-09T05:23:31Z,TOM7DE,"49.762295","-3.434341",26375,402,196
1665293074,2022-10-09T05:24:34Z,TOM7DE,"49.648193","-3.486229",27850,412,196
1665293143,2022-10-09T05:25:43Z,TOM7DE,"49.519226","-3.544464",29250,427,196
1665293205,2022-10-09T05:26:45Z,TOM7DE,"49.401764","-3.597177",30450,438,196
1665293268,2022-10-09T05:27:48Z,TOM7DE,"49.27803","-3.652602",31550,448,196
1665293329,2022-10-09T05:28:49Z,TOM7DE,"49.15329","-3.708097",32475,457,196
1665293391,2022-10-09T05:29:51Z,TOM7DE,"49.026215","-3.764155",33625,460,196
1665293456,2022-10-09T05:30:56Z,TOM7DE,"48.895523","-3.821834",34800,458,196
1665293519,2022-10-09T05:31:59Z,TOM7DE,"48.768124","-3.877812",35000,453,196
1665293580,2022-10-09T05:33:00Z,TOM7DE,"48.645367","-3.931371",35000,452,196
1665293641,2022-10-09T05:34:01Z,TOM7DE,"48.523315","-3.984164",35000,452,196
1665293701,2022-10-09T05:35:01Z,TOM7DE,"48.400635","-4.037194",35000,452,196
1665293764,2022-10-09T05:36:04Z,TOM7DE,"48.275276","-4.091034",35000,452,195
1665293827,2022-10-09T05:37:07Z,TOM7DE,"48.149277","-4.14473",35000,454,195
1665293888,2022-10-09T05:38:08Z,TOM7DE,"48.025894","-4.197129",35000,456,195
1665293951,2022-10-09T05:39:11Z,TOM7DE,"47.896957","-4.251778",35000,456,195
1665294013,2022-10-09T05:40:13Z,TOM7DE,"47.771439","-4.304512",35000,456,195
1665294074,2022-10-09T05:41:14Z,TOM7DE,"47.651642","-4.3545",35000,457,195
1665294138,2022-10-09T05:42:18Z,TOM7DE,"47.520218","-4.409294",35000,456,195
1665294200,2022-10-09T05:43:20Z,TOM7DE,"47.393856","-4.461717",35000,456,195
1665294262,2022-10-09T05:44:22Z,TOM7DE,"47.266754","-4.513939",35000,454,195
1665294325,2022-10-09T05:45:25Z,TOM7DE,"47.140823","-4.56633",35000,456,195
1665294386,2022-10-09T05:46:26Z,TOM7DE,"47.016315","-4.616793",35000,456,195
1665294446,2022-10-09T05:47:26Z,TOM7DE,"46.89365","-4.666443",35000,457,195
1665294509,2022-10-09T05:48:29Z,TOM7DE,"46.765778","-4.718025",35000,458,195
1665294572,2022-10-09T05:49:32Z,TOM7DE,"46.638153","-4.769607",35000,458,195
1665294633,2022-10-09T05:50:33Z,TOM7DE,"46.512577","-4.819839",35000,456,195
1665294697,2022-10-09T05:51:37Z,TOM7DE,"46.383774","-4.870963",35000,456,195
1665294758,2022-10-09T05:52:38Z,TOM7DE,"46.259518","-4.920021",35000,454,195
1665294819,2022-10-09T05:53:39Z,TOM7DE,"46.136993","-4.968498",35000,454,195
1665294880,2022-10-09T05:54:40Z,TOM7DE,"46.012207","-5.017671",35000,454,195
1665294944,2022-10-09T05:55:44Z,TOM7DE,"45.883484","-5.067913",35000,456,195
1665295006,2022-10-09T05:56:46Z,TOM7DE,"45.760712","-5.115715",35000,457,195
1665295067,2022-10-09T05:57:47Z,TOM7DE,"45.632767","-5.165048",35000,458,195
1665295132,2022-10-09T05:58:52Z,TOM7DE,"45.498276","-5.216937",35000,459,195
1665295195,2022-10-09T05:59:55Z,TOM7DE,"45.369507","-5.266636",35000,459,195
1665295257,2022-10-09T06:00:57Z,TOM7DE,"45.243622","-5.314571",35000,459,195
1665295318,2022-10-09T06:01:58Z,TOM7DE,"45.116753","-5.362601",35000,458,194
1665295380,2022-10-09T06:03:00Z,TOM7DE,"44.991257","-5.410047",35000,457,195
1665295443,2022-10-09T06:04:03Z,TOM7DE,"44.861927","-5.458731",35000,458,194
1665295506,2022-10-09T06:05:06Z,TOM7DE,"44.732574","-5.507224",35025,460,195
1665295567,2022-10-09T06:06:07Z,TOM7DE,"44.606415","-5.556466",35775,463,199
1665295582,2022-10-09T06:06:22Z,TOM7DE,"44.576283","-5.574021",36025,460,204
1665295644,2022-10-09T06:07:24Z,TOM7DE,"44.455154","-5.648447",36825,463,203
1665295705,2022-10-09T06:08:25Z,TOM7DE,"44.337421","-5.721064",37000,465,203
1665295769,2022-10-09T06:09:29Z,TOM7DE,"44.209869","-5.799509",37000,465,203
1665295830,2022-10-09T06:10:30Z,TOM7DE,"44.090286","-5.871617",37000,463,203
1665295893,2022-10-09T06:11:33Z,TOM7DE,"43.966587","-5.946939",37000,463,203
1665295954,2022-10-09T06:12:34Z,TOM7DE,"43.847366","-6.019396",37000,463,203
1665296017,2022-10-09T06:13:37Z,TOM7DE,"43.72316","-6.093644",37000,464,203
1665296079,2022-10-09T06:14:39Z,TOM7DE,"43.601303","-6.166204",37000,466,203
1665296140,2022-10-09T06:15:40Z,TOM7DE,"43.480408","-6.238574",37000,465,203
1665296202,2022-10-09T06:16:42Z,TOM7DE,"43.359127","-6.311122",37000,466,203
1665296264,2022-10-09T06:17:44Z,TOM7DE,"43.237534","-6.382664",37000,466,203
1665296327,2022-10-09T06:18:47Z,TOM7DE,"43.111095","-6.456887",37000,466,203
1665296390,2022-10-09T06:19:50Z,TOM7DE,"42.985748","-6.530542",37000,467,203
1665296453,2022-10-09T06:20:53Z,TOM7DE,"42.860504","-6.603437",37000,465,203
1665296515,2022-10-09T06:21:55Z,TOM7DE,"42.738071","-6.674258",37000,464,202
1665296578,2022-10-09T06:22:58Z,TOM7DE,"42.614662","-6.745605",37000,463,203
1665296641,2022-10-09T06:24:01Z,TOM7DE,"42.490044","-6.8174",37000,464,202
1665296703,2022-10-09T06:25:03Z,TOM7DE,"42.368263","-6.887022",37000,465,202
1665296765,2022-10-09T06:26:05Z,TOM7DE,"42.247272","-6.955943",37000,465,202
1665296826,2022-10-09T06:27:06Z,TOM7DE,"42.124146","-7.025882",37000,466,202
1665296890,2022-10-09T06:28:10Z,TOM7DE,"41.992119","-7.087204",37000,469,197
1665296953,2022-10-09T06:29:13Z,TOM7DE,"41.862473","-7.140538",37000,470,197
1665297015,2022-10-09T06:30:15Z,TOM7DE,"41.7318","-7.194767",37000,470,197
1665297079,2022-10-09T06:31:19Z,TOM7DE,"41.600464","-7.248667",37000,469,197
1665297142,2022-10-09T06:32:22Z,TOM7DE,"41.469727","-7.301289",37000,469,196
1665297205,2022-10-09T06:33:25Z,TOM7DE,"41.338669","-7.354919",37000,467,197
1665297268,2022-10-09T06:34:28Z,TOM7DE,"41.208225","-7.408093",37000,465,197
1665297329,2022-10-09T06:35:29Z,TOM7DE,"41.083466","-7.45874",37000,466,196
1665297392,2022-10-09T06:36:32Z,TOM7DE,"40.952747","-7.51134",37000,467,196
1665297454,2022-10-09T06:37:34Z,TOM7DE,"40.826614","-7.561768",37000,468,196
1665297515,2022-10-09T06:38:35Z,TOM7DE,"40.6978","-7.613403",37000,468,197
1665297579,2022-10-09T06:39:39Z,TOM7DE,"40.566364","-7.665773",37000,468,196
1665297642,2022-10-09T06:40:42Z,TOM7DE,"40.435318","-7.717468",37000,469,196
1665297704,2022-10-09T06:41:44Z,TOM7DE,"40.305176","-7.768921",37000,469,196
1665297768,2022-10-09T06:42:48Z,TOM7DE,"40.174164","-7.820331",37000,468,196
1665297828,2022-10-09T06:43:48Z,TOM7DE,"40.048141","-7.869568",37000,468,196
1665297890,2022-10-09T06:44:50Z,TOM7DE,"39.919613","-7.919617",37000,468,196
1665297954,2022-10-09T06:45:54Z,TOM7DE,"39.787918","-7.970886",37000,467,196
1665298015,2022-10-09T06:46:55Z,TOM7DE,"39.662273","-8.019348",37000,467,196
1665298077,2022-10-09T06:47:57Z,TOM7DE,"39.534115","-8.068604",37000,467,196
1665298139,2022-10-09T06:48:59Z,TOM7DE,"39.404251","-8.118538",37000,467,196
1665298202,2022-10-09T06:50:02Z,TOM7DE,"39.274017","-8.168514",37000,467,196
1665298265,2022-10-09T06:51:05Z,TOM7DE,"39.144196","-8.217773",37000,467,196
1665298326,2022-10-09T06:52:06Z,TOM7DE,"39.016342","-8.266077",37000,468,196
1665298389,2022-10-09T06:53:09Z,TOM7DE,"38.885036","-8.316101",37000,468,196
1665298452,2022-10-09T06:54:12Z,TOM7DE,"38.755875","-8.364477",37000,468,196
1665298512,2022-10-09T06:55:12Z,TOM7DE,"38.628582","-8.412231",37000,469,196
1665298575,2022-10-09T06:56:15Z,TOM7DE,"38.497421","-8.461205",37000,468,196
1665298638,2022-10-09T06:57:18Z,TOM7DE,"38.366455","-8.509846",37000,468,196
1665298702,2022-10-09T06:58:22Z,TOM7DE,"38.233978","-8.55911",37000,469,196
1665298765,2022-10-09T06:59:25Z,TOM7DE,"38.102261","-8.607669",37000,469,196
1665298828,2022-10-09T07:00:28Z,TOM7DE,"37.970657","-8.656033",37000,469,196
1665298889,2022-10-09T07:01:29Z,TOM7DE,"37.844788","-8.702341",37000,469,196
1665298950,2022-10-09T07:02:30Z,TOM7DE,"37.716431","-8.749207",37000,470,196
1665299013,2022-10-09T07:03:33Z,TOM7DE,"37.584869","-8.797069",37000,468,195
1665299073,2022-10-09T07:04:33Z,TOM7DE,"37.459095","-8.842681",37000,468,196
1665299137,2022-10-09T07:05:37Z,TOM7DE,"37.326508","-8.890744",37000,469,196
1665299200,2022-10-09T07:06:40Z,TOM7DE,"37.195004","-8.937915",37000,470,195
1665299261,2022-10-09T07:07:41Z,TOM7DE,"37.069107","-8.983076",37000,469,196
1665299323,2022-10-09T07:08:43Z,TOM7DE,"36.937153","-9.030225",37000,470,195
1665299386,2022-10-09T07:09:46Z,TOM7DE,"36.807312","-9.076424",37000,470,196
1665299449,2022-10-09T07:10:49Z,TOM7DE,"36.67511","-9.123327",37000,472,195
1665299511,2022-10-09T07:11:51Z,TOM7DE,"36.544556","-9.169579",37000,472,196
1665299574,2022-10-09T07:12:54Z,TOM7DE,"36.411671","-9.216419",37000,472,195
1665299637,2022-10-09T07:13:57Z,TOM7DE,"36.278824","-9.26302",37000,474,195
1665299698,2022-10-09T07:14:58Z,TOM7DE,"36.151382","-9.307709",37000,474,195
1665299743,2022-10-09T07:15:43Z,TOM7DE,"36.058384","-9.347261",37000,471,205
1665299746,2022-10-09T07:15:46Z,TOM7DE,"36.052094","-9.351025",37000,471,205
1665299809,2022-10-09T07:16:49Z,TOM7DE,"35.927761","-9.423815",37000,472,205
1665299870,2022-10-09T07:17:50Z,TOM7DE,"35.808167","-9.493415",37000,469,205
1665299933,2022-10-09T07:18:53Z,TOM7DE,"35.683594","-9.565773",37000,470,205
1665299996,2022-10-09T07:19:56Z,TOM7DE,"35.560638","-9.636841",37000,470,205
1665300059,2022-10-09T07:20:59Z,TOM7DE,"35.436447","-9.708366",37000,469,205
1665300121,2022-10-09T07:22:01Z,TOM7DE,"35.313354","-9.77932",37000,469,205
1665300181,2022-10-09T07:23:01Z,TOM7DE,"35.194839","-9.847114",37000,471,205
1665300242,2022-10-09T07:24:02Z,TOM7DE,"35.075363","-9.915217",37000,472,205
1665300304,2022-10-09T07:25:04Z,TOM7DE,"34.952637","-9.985115",37000,473,205
1665300367,2022-10-09T07:26:07Z,TOM7DE,"34.826801","-10.056553",37000,474,205
1665300430,2022-10-09T07:27:10Z,TOM7DE,"34.70097","-10.127735",37000,475,204
1665300492,2022-10-09T07:28:12Z,TOM7DE,"34.579189","-10.196285",37000,474,204
1665300555,2022-10-09T07:29:15Z,TOM7DE,"34.452984","-10.267239",37000,472,204
1665300616,2022-10-09T07:30:16Z,TOM7DE,"34.33255","-10.33466",37000,472,204
1665300677,2022-10-09T07:31:17Z,TOM7DE,"34.212433","-10.401643",37000,472,204
1665300740,2022-10-09T07:32:20Z,TOM7DE,"34.087318","-10.471401",37000,471,204
1665300801,2022-10-09T07:33:21Z,TOM7DE,"33.967072","-10.537949",37000,471,204
1665300864,2022-10-09T07:34:24Z,TOM7DE,"33.839859","-10.608141",37000,482,204
1665300924,2022-10-09T07:35:24Z,TOM7DE,"33.717693","-10.675564",37000,484,204
1665300988,2022-10-09T07:36:28Z,TOM7DE,"33.587769","-10.746927",37000,484,204
1665301051,2022-10-09T07:37:31Z,TOM7DE,"33.459229","-10.817248",37000,484,204
1665301112,2022-10-09T07:38:32Z,TOM7DE,"33.336056","-10.884256",37000,485,204
1665301175,2022-10-09T07:39:35Z,TOM7DE,"33.205944","-10.95477",37000,485,204
1665301235,2022-10-09T07:40:35Z,TOM7DE,"33.082214","-11.022034",37000,484,204
1665301299,2022-10-09T07:41:39Z,TOM7DE,"32.954235","-11.091146",37000,481,204
1665301362,2022-10-09T07:42:42Z,TOM7DE,"32.82518","-11.160517",37000,478,204
1665301422,2022-10-09T07:43:42Z,TOM7DE,"32.704437","-11.225505",37000,476,204
1665301486,2022-10-09T07:44:46Z,TOM7DE,"32.577347","-11.293615",37000,472,204
1665301546,2022-10-09T07:45:46Z,TOM7DE,"32.458008","-11.357226",37000,468,204
1665301610,2022-10-09T07:46:50Z,TOM7DE,"32.332352","-11.424189",37000,467,204
1665301673,2022-10-09T07:47:53Z,TOM7DE,"32.206234","-11.490803",37000,470,204
1665301733,2022-10-09T07:48:53Z,TOM7DE,"32.087528","-11.553525",37000,469,204
1665301797,2022-10-09T07:49:57Z,TOM7DE,"31.9617","-11.619909",37000,468,204
1665301860,2022-10-09T07:51:00Z,TOM7DE,"31.838104","-11.685059",37000,470,204
1665301921,2022-10-09T07:52:01Z,TOM7DE,"31.71562","-11.749438",37000,470,203
1665301982,2022-10-09T07:53:02Z,TOM7DE,"31.593567","-11.812673",37000,470,204
1665302044,2022-10-09T07:54:04Z,TOM7DE,"31.470978","-11.876705",37000,474,204
1665302104,2022-10-09T07:55:04Z,TOM7DE,"31.348801","-11.940254",37000,475,204
1665302167,2022-10-09T07:56:07Z,TOM7DE,"31.223238","-12.005529",37000,474,204
1665302231,2022-10-09T07:57:11Z,TOM7DE,"31.093826","-12.072197",37000,474,203
1665302295,2022-10-09T07:58:15Z,TOM7DE,"30.966827","-12.137695",37000,473,203
1665302355,2022-10-09T07:59:15Z,TOM7DE,"30.846304","-12.199438",37000,471,203
1665302419,2022-10-09T08:00:19Z,TOM7DE,"30.719925","-12.263973",37025,468,203
1665302482,2022-10-09T08:01:22Z,TOM7DE,"30.594316","-12.328198",36650,465,203
1665302542,2022-10-09T08:02:22Z,TOM7DE,"30.480589","-12.395325",35600,452,214
1665302545,2022-10-09T08:02:25Z,TOM7DE,"30.475376","-12.399719",35550,452,215
1665302549,2022-10-09T08:02:29Z,TOM7DE,"30.469835","-12.404444",35500,451,216
1665302612,2022-10-09T08:03:32Z,TOM7DE,"30.363651","-12.49541",34475,459,216
1665302675,2022-10-09T08:04:35Z,TOM7DE,"30.25523","-12.588135",32175,461,216
1665302739,2022-10-09T08:05:39Z,TOM7DE,"30.14447","-12.67763",29725,453,211
1665302802,2022-10-09T08:06:42Z,TOM7DE,"30.032152","-12.757874",27150,447,211
1665302862,2022-10-09T08:07:42Z,TOM7DE,"29.927902","-12.832678",25075,430,211
1665302926,2022-10-09T08:08:46Z,TOM7DE,"29.822617","-12.907668",22950,413,211
1665302989,2022-10-09T08:09:49Z,TOM7DE,"29.725342","-12.977283",21525,380,211
1665303050,2022-10-09T08:10:50Z,TOM7DE,"29.635015","-13.041795",19700,370,212
1665303111,2022-10-09T08:11:51Z,TOM7DE,"29.546677","-13.104524",17775,367,211
1665303145,2022-10-09T08:12:25Z,TOM7DE,"29.496708","-13.136094",16975,358,203
1665303149,2022-10-09T08:12:29Z,TOM7DE,"29.489594","-13.139226",16975,357,201
1665303153,2022-10-09T08:12:33Z,TOM7DE,"29.48493","-13.141156",16975,356,199
1665303156,2022-10-09T08:12:36Z,TOM7DE,"29.479935","-13.143134",16975,355,198
1665303159,2022-10-09T08:12:39Z,TOM7DE,"29.475899","-13.144657",16975,353,198
1665303161,2022-10-09T08:12:41Z,TOM7DE,"29.47143","-13.14638",16975,352,198
1665303163,2022-10-09T08:12:43Z,TOM7DE,"29.468491","-13.147518",17000,352,198
1665303166,2022-10-09T08:12:46Z,TOM7DE,"29.465286","-13.148733",17000,349,198
1665303198,2022-10-09T08:13:18Z,TOM7DE,"29.415894","-13.167976",16375,338,198
1665303233,2022-10-09T08:13:53Z,TOM7DE,"29.365631","-13.187344",15400,334,198
1665303266,2022-10-09T08:14:26Z,TOM7DE,"29.314819","-13.203771",14525,330,195
1665303296,2022-10-09T08:14:56Z,TOM7DE,"29.270603","-13.217737",14000,323,195
1665303329,2022-10-09T08:15:29Z,TOM7DE,"29.22382","-13.232817",13075,320,196
1665303362,2022-10-09T08:16:02Z,TOM7DE,"29.176521","-13.249188",12000,322,196
1665303394,2022-10-09T08:16:34Z,TOM7DE,"29.131599","-13.264214",11200,314,196
1665303406,2022-10-09T08:16:46Z,TOM7DE,"29.114731","-13.269847",10875,312,196
1665303418,2022-10-09T08:16:58Z,TOM7DE,"29.09836","-13.275362",10550,311,196
1665303430,2022-10-09T08:17:10Z,TOM7DE,"29.08136","-13.281097",10200,311,196
1665303443,2022-10-09T08:17:23Z,TOM7DE,"29.064751","-13.286672",9825,310,196
1665303455,2022-10-09T08:17:35Z,TOM7DE,"29.048038","-13.292326",9450,310,196
1665303467,2022-10-09T08:17:47Z,TOM7DE,"29.031744","-13.297711",9075,311,196
1665303479,2022-10-09T08:17:59Z,TOM7DE,"29.01466","-13.30342",8675,312,196
1665303491,2022-10-09T08:18:11Z,TOM7DE,"28.998226","-13.308968",8325,314,196
1665303503,2022-10-09T08:18:23Z,TOM7DE,"28.980955","-13.314837",8125,310,196
1665303515,2022-10-09T08:18:35Z,TOM7DE,"28.964813","-13.320765",7950,309,198
1665303526,2022-10-09T08:18:46Z,TOM7DE,"28.949799","-13.326522",7750,305,198
1665303538,2022-10-09T08:18:58Z,TOM7DE,"28.933939","-13.333148",7575,300,202
1665303544,2022-10-09T08:19:04Z,TOM7DE,"28.927094","-13.337667",7500,295,211
1665303547,2022-10-09T08:19:07Z,TOM7DE,"28.923935","-13.340307",7425,293,215
1665303549,2022-10-09T08:19:09Z,TOM7DE,"28.921276","-13.342896",7400,291,219
1665303553,2022-10-09T08:19:13Z,TOM7DE,"28.917618","-13.346963",7325,290,223
1665303556,2022-10-09T08:19:16Z,TOM7DE,"28.914991","-13.350327",7250,287,226
1665303559,2022-10-09T08:19:19Z,TOM7DE,"28.912491","-13.353882",7200,286,230
1665303562,2022-10-09T08:19:22Z,TOM7DE,"28.910662","-13.356844",7175,284,233
1665303565,2022-10-09T08:19:25Z,TOM7DE,"28.908102","-13.361529",7100,284,235
1665303568,2022-10-09T08:19:28Z,TOM7DE,"28.906174","-13.365396",7050,282,239
1665303571,2022-10-09T08:19:31Z,TOM7DE,"28.904377","-13.369338",6975,280,241
1665303574,2022-10-09T08:19:34Z,TOM7DE,"28.902794","-13.372731",6925,280,242
1665303577,2022-10-09T08:19:37Z,TOM7DE,"28.900772","-13.377016",6875,279,241
1665303580,2022-10-09T08:19:40Z,TOM7DE,"28.898977","-13.380755",6800,280,241
1665303583,2022-10-09T08:19:43Z,TOM7DE,"28.897161","-13.384525",6725,278,241
1665303586,2022-10-09T08:19:46Z,TOM7DE,"28.894958","-13.388848",6675,278,240
1665303589,2022-10-09T08:19:49Z,TOM7DE,"28.893265","-13.392282",6600,278,240
1665303600,2022-10-09T08:20:00Z,TOM7DE,"28.886353","-13.405909",6325,279,240
1665303614,2022-10-09T08:20:14Z,TOM7DE,"28.876923","-13.424659",5975,278,240
1665303626,2022-10-09T08:20:26Z,TOM7DE,"28.869091","-13.440265",5650,279,240
1665303638,2022-10-09T08:20:38Z,TOM7DE,"28.861504","-13.455344",5450,277,240
1665303650,2022-10-09T08:20:50Z,TOM7DE,"28.853897","-13.470559",5375,268,240
1665303663,2022-10-09T08:21:03Z,TOM7DE,"28.846436","-13.485189",5300,261,239
1665303674,2022-10-09T08:21:14Z,TOM7DE,"28.839298","-13.499074",5200,253,239
1665303687,2022-10-09T08:21:27Z,TOM7DE,"28.832382","-13.512709",5125,247,239
1665303699,2022-10-09T08:21:39Z,TOM7DE,"28.825565","-13.526162",5000,241,240
1665303710,2022-10-09T08:21:50Z,TOM7DE,"28.819187","-13.53898",4900,238,240
1665303717,2022-10-09T08:21:57Z,TOM7DE,"28.815765","-13.545878",4825,237,240
1665303723,2022-10-09T08:22:03Z,TOM7DE,"28.812515","-13.552375",4750,238,240
1665303729,2022-10-09T08:22:09Z,TOM7DE,"28.809132","-13.559013",4675,238,240
1665303735,2022-10-09T08:22:15Z,TOM7DE,"28.805733","-13.5658",4575,238,240
1665303741,2022-10-09T08:22:21Z,TOM7DE,"28.802336","-13.572585",4500,239,240
1665303747,2022-10-09T08:22:27Z,TOM7DE,"28.798983","-13.579425",4450,235,240
1665303754,2022-10-09T08:22:34Z,TOM7DE,"28.795818","-13.585779",4450,229,240
1665303759,2022-10-09T08:22:39Z,TOM7DE,"28.792839","-13.591811",4400,225,240
1665303765,2022-10-09T08:22:45Z,TOM7DE,"28.789673","-13.598112",4350,222,240
1665303771,2022-10-09T08:22:51Z,TOM7DE,"28.786789","-13.603821",4275,219,240
1665303779,2022-10-09T08:22:59Z,TOM7DE,"28.782852","-13.611586",4200,217,240
1665303785,2022-10-09T08:23:05Z,TOM7DE,"28.779804","-13.617607",4150,216,239
1665303791,2022-10-09T08:23:11Z,TOM7DE,"28.776918","-13.623208",4100,213,239
1665303797,2022-10-09T08:23:17Z,TOM7DE,"28.774263","-13.628271",4025,209,239
1665303803,2022-10-09T08:23:23Z,TOM7DE,"28.77095","-13.634772",3925,208,239
1665303809,2022-10-09T08:23:29Z,TOM7DE,"28.767929","-13.640635",3850,208,239
1665303815,2022-10-09T08:23:35Z,TOM7DE,"28.765045","-13.646181",3750,207,239
1665303821,2022-10-09T08:23:41Z,TOM7DE,"28.7623","-13.651752",3675,205,240
1665303824,2022-10-09T08:23:44Z,TOM7DE,"28.761108","-13.654474",3625,203,244
1665303827,2022-10-09T08:23:47Z,TOM7DE,"28.760113","-13.657729",3600,203,247
1665303830,2022-10-09T08:23:50Z,TOM7DE,"28.759506","-13.660601",3575,200,257
1665303833,2022-10-09T08:23:53Z,TOM7DE,"28.759367","-13.664246",3550,198,266
1665303836,2022-10-09T08:23:56Z,TOM7DE,"28.759644","-13.66715",3500,197,272
1665303839,2022-10-09T08:23:59Z,TOM7DE,"28.760376","-13.670531",3475,195,283
1665303842,2022-10-09T08:24:02Z,TOM7DE,"28.761415","-13.673401",3450,194,291
1665303845,2022-10-09T08:24:05Z,TOM7DE,"28.762672","-13.67604",3425,194,296
1665303848,2022-10-09T08:24:08Z,TOM7DE,"28.764208","-13.678463",3400,191,306
1665303851,2022-10-09T08:24:11Z,TOM7DE,"28.766006","-13.680673",3375,190,310
1665303854,2022-10-09T08:24:14Z,TOM7DE,"28.768066","-13.682733",3325,189,317
1665303857,2022-10-09T08:24:17Z,TOM7DE,"28.770355","-13.684581",3300,187,324
1665303860,2022-10-09T08:24:20Z,TOM7DE,"28.772507","-13.686112",3250,188,327
1665303863,2022-10-09T08:24:23Z,TOM7DE,"28.774263","-13.687349",3225,186,327
1665303866,2022-10-09T08:24:26Z,TOM7DE,"28.776825","-13.68918",3175,185,328
1665303869,2022-10-09T08:24:29Z,TOM7DE,"28.778873","-13.690419",3150,185,330
1665303872,2022-10-09T08:24:32Z,TOM7DE,"28.781061","-13.691388",3125,183,338
1665303875,2022-10-09T08:24:35Z,TOM7DE,"28.783722","-13.691817",3100,182,345
1665303878,2022-10-09T08:24:38Z,TOM7DE,"28.786041","-13.691873",3075,181,358
1665303881,2022-10-09T08:24:41Z,TOM7DE,"28.788881","-13.691388",3050,176,8
1665303884,2022-10-09T08:24:44Z,TOM7DE,"28.791412","-13.690761",3000,174,11
1665303887,2022-10-09T08:24:47Z,TOM7DE,"28.793655","-13.690126",2975,174,13
1665303890,2022-10-09T08:24:50Z,TOM7DE,"28.795538","-13.689611",2925,174,13
1665303891,2022-10-09T08:24:51Z,TOM7DE,"28.796329","-13.689342",2900,173,14
1665303895,2022-10-09T08:24:55Z,TOM7DE,"28.799541","-13.68821",2850,173,17
1665303897,2022-10-09T08:24:57Z,TOM7DE,"28.800333","-13.687942",2800,174,18
1665303901,2022-10-09T08:25:01Z,TOM7DE,"28.804476","-13.686165",2725,175,21
1665303904,2022-10-09T08:25:04Z,TOM7DE,"28.806747","-13.685109",2675,174,22
1665303907,2022-10-09T08:25:07Z,TOM7DE,"28.808762","-13.684158",2625,174,22
1665303910,2022-10-09T08:25:10Z,TOM7DE,"28.810993","-13.683041",2575,174,23
1665303913,2022-10-09T08:25:13Z,TOM7DE,"28.813555","-13.681748",2550,173,24
1665303916,2022-10-09T08:25:16Z,TOM7DE,"28.81572","-13.680567",2500,172,24
1665303919,2022-10-09T08:25:19Z,TOM7DE,"28.817884","-13.679379",2475,172,25
1665303922,2022-10-09T08:25:22Z,TOM7DE,"28.819702","-13.678349",2425,171,26
1665303926,2022-10-09T08:25:26Z,TOM7DE,"28.822083","-13.676922",2375,169,27
1665303928,2022-10-09T08:25:28Z,TOM7DE,"28.823914","-13.675813",2350,167,27
1665303931,2022-10-09T08:25:31Z,TOM7DE,"28.825882","-13.674598",2325,165,28
1665303935,2022-10-09T08:25:35Z,TOM7DE,"28.828171","-13.673185",2275,163,28
1665303937,2022-10-09T08:25:37Z,TOM7DE,"28.829865","-13.672169",2225,162,28
1665303943,2022-10-09T08:25:43Z,TOM7DE,"28.834076","-13.66958",2125,160,27
1665303950,2022-10-09T08:25:50Z,TOM7DE,"28.837875","-13.667362",2050,158,27
1665303956,2022-10-09T08:25:56Z,TOM7DE,"28.841858","-13.665",1950,157,27
1665303961,2022-10-09T08:26:01Z,TOM7DE,"28.845629","-13.662846",1875,154,26
1665303967,2022-10-09T08:26:07Z,TOM7DE,"28.849503","-13.660601",1800,153,26
1665303974,2022-10-09T08:26:14Z,TOM7DE,"28.853497","-13.658321",1725,151,26
1665303980,2022-10-09T08:26:20Z,TOM7DE,"28.857285","-13.656164",1650,149,26
1665303986,2022-10-09T08:26:26Z,TOM7DE,"28.860991","-13.654067",1575,146,26
1665303992,2022-10-09T08:26:32Z,TOM7DE,"28.864668","-13.651967",1475,144,26
1665303998,2022-10-09T08:26:38Z,TOM7DE,"28.868067","-13.650028",1425,142,26
1665304004,2022-10-09T08:26:44Z,TOM7DE,"28.871658","-13.647924",1350,142,26
1665304010,2022-10-09T08:26:50Z,TOM7DE,"28.875183","-13.645918",1275,141,26
1665304016,2022-10-09T08:26:56Z,TOM7DE,"28.878525","-13.644016",1200,141,26
1665304022,2022-10-09T08:27:02Z,TOM7DE,"28.882219","-13.641842",1100,140,27
1665304028,2022-10-09T08:27:08Z,TOM7DE,"28.885574","-13.639843",1050,140,27
1665304034,2022-10-09T08:27:14Z,TOM7DE,"28.889109","-13.637749",975,140,27
1665304040,2022-10-09T08:27:20Z,TOM7DE,"28.892553","-13.635756",900,139,26
1665304046,2022-10-09T08:27:26Z,TOM7DE,"28.896194","-13.633663",825,138,26
1665304052,2022-10-09T08:27:32Z,TOM7DE,"28.899582","-13.631815",750,138,25
1665304058,2022-10-09T08:27:38Z,TOM7DE,"28.903074","-13.629832",675,137,26
1665304064,2022-10-09T08:27:44Z,TOM7DE,"28.906448","-13.627906",600,137,26
1665304070,2022-10-09T08:27:50Z,TOM7DE,"28.909918","-13.625901",525,138,27
1665304076,2022-10-09T08:27:56Z,TOM7DE,"28.913315","-13.623892",450,137,27
1665304082,2022-10-09T08:28:02Z,TOM7DE,"28.916901","-13.621808",375,138,27
1665304089,2022-10-09T08:28:09Z,TOM7DE,"28.920439","-13.619708",300,138,27
1665304095,2022-10-09T08:28:15Z,TOM7DE,"28.923836","-13.617715",225,139,26
1665304101,2022-10-09T08:28:21Z,TOM7DE,"28.92728","-13.615776",150,138,26
1665304107,2022-10-09T08:28:27Z,TOM7DE,"28.930756","-13.61375",75,138,27
1665304113,2022-10-09T08:28:33Z,TOM7DE,"28.93428","-13.611638",0,137,27
1665304118,2022-10-09T08:28:38Z,TOM7DE,"28.937477","-13.609798",0,138,26
1665304125,2022-10-09T08:28:45Z,TOM7DE,"28.941013","-13.607806",0,136,26
1665304131,2022-10-09T08:28:51Z,TOM7DE,"28.94404","-13.606029",0,115,26
1665304137,2022-10-09T08:28:57Z,TOM7DE,"28.946411","-13.604666",0,91,26
1665304143,2022-10-09T08:29:03Z,TOM7DE,"28.948162","-13.603649",0,62,25
1665304148,2022-10-09T08:29:08Z,TOM7DE,"28.949289","-13.603",0,46,25
1665304155,2022-10-09T08:29:15Z,TOM7DE,"28.950222","-13.602488",0,30,22
1665304157,2022-10-09T08:29:17Z,TOM7DE,"28.950497","-13.602368",0,29,19
1665304159,2022-10-09T08:29:19Z,TOM7DE,"28.950731","-13.602286",0,28,16
1665304161,2022-10-09T08:29:21Z,TOM7DE,"28.951","-13.602205",0,27,11
1665304163,2022-10-09T08:29:23Z,TOM7DE,"28.951256","-13.602151",0,26,8
1665304165,2022-10-09T08:29:25Z,TOM7DE,"28.951477","-13.602124",0,26,5
1665304167,2022-10-09T08:29:27Z,TOM7DE,"28.951721","-13.602098",0,25,2
1665304170,2022-10-09T08:29:30Z,TOM7DE,"28.952013","-13.602084",0,22,2
1665304172,2022-10-09T08:29:32Z,TOM7DE,"28.952232","-13.602084",0,20,350
1665304175,2022-10-09T08:29:35Z,TOM7DE,"28.952454","-13.602077",0,18,2
1665304178,2022-10-09T08:29:38Z,TOM7DE,"28.952717","-13.602091",0,17,357
1665304181,2022-10-09T08:29:41Z,TOM7DE,"28.952923","-13.602118",0,15,351
1665304185,2022-10-09T08:29:45Z,TOM7DE,"28.953129","-13.602245",0,11,326
1665304190,2022-10-09T08:29:50Z,TOM7DE,"28.953255","-13.602461",0,10,303
1665304196,2022-10-09T08:29:56Z,TOM7DE,"28.953358","-13.602685",0,8,298
1665304202,2022-10-09T08:30:02Z,TOM7DE,"28.953461","-13.602897",0,8,298
1665304208,2022-10-09T08:30:08Z,TOM7DE,"28.953571","-13.603134",0,9,298
1665304214,2022-10-09T08:30:14Z,TOM7DE,"28.953688","-13.60339",0,9,298
1665304220,2022-10-09T08:30:20Z,TOM7DE,"28.953793","-13.603622",0,8,295
1665304225,2022-10-09T08:30:25Z,TOM7DE,"28.953804","-13.603834",0,8,272
1665304233,2022-10-09T08:30:33Z,TOM7DE,"28.953642","-13.60405",0,6,225
1665304240,2022-10-09T08:30:40Z,TOM7DE,"28.953421","-13.604198",0,8,208
1665304246,2022-10-09T08:30:46Z,TOM7DE,"28.953175","-13.604336",0,11,205
1665304251,2022-10-09T08:30:51Z,TOM7DE,"28.952932","-13.604481",0,12,205
1665304255,2022-10-09T08:30:55Z,TOM7DE,"28.952723","-13.604602",0,12,205
1665304262,2022-10-09T08:31:02Z,TOM7DE,"28.952408","-13.604772",0,12,205
1665304268,2022-10-09T08:31:08Z,TOM7DE,"28.95211","-13.604957",0,12,208
1665304273,2022-10-09T08:31:13Z,TOM7DE,"28.951826","-13.605113",0,12,205
1665304279,2022-10-09T08:31:19Z,TOM7DE,"28.951511","-13.605302",0,12,205
1665304287,2022-10-09T08:31:27Z,TOM7DE,"28.951139","-13.605531",0,13,210
1665304291,2022-10-09T08:31:31Z,TOM7DE,"28.950932","-13.605722",0,12,219
1665304297,2022-10-09T08:31:37Z,TOM7DE,"28.950726","-13.605921",0,12,222
1665304302,2022-10-09T08:31:42Z,TOM7DE,"28.950508","-13.606132",0,11,216
1665304306,2022-10-09T08:31:46Z,TOM7DE,"28.950302","-13.606264",0,11,208
1665304312,2022-10-09T08:31:52Z,TOM7DE,"28.950085","-13.606396",0,9,208
1665304319,2022-10-09T08:31:59Z,TOM7DE,"28.949871","-13.606514",0,7,208
1665304326,2022-10-09T08:32:06Z,TOM7DE,"28.9498","-13.606756",0,6,261
1665304335,2022-10-09T08:32:15Z,TOM7DE,"28.949905","-13.606985",0,5,298
1665304345,2022-10-09T08:32:25Z,TOM7DE,"28.949987","-13.607186",0,4,298
1665304356,2022-10-09T08:32:36Z,TOM7DE,"28.950081","-13.607402",0,4,298
1665304430,2022-10-09T08:33:50Z,TOM7DE,"28.949812","-13.606554",0,0,298
